Datum;Anpfiff;Heim;Gast;Buchmacher;Resultat;Quote
Di., 16. Juni;21:00;France;Senegal;Bet365;keine Correct-Score-Quoten;
Mi., 17. Juni;00:00;Iraq;Norway;Bet365;keine Correct-Score-Quoten;
Mi., 17. Juni;03:00;Argentina;Algeria;Bet365;keine Correct-Score-Quoten;
Mi., 17. Juni;06:00;Austria;Jordan;Bet365;keine Correct-Score-Quoten;
Mi., 17. Juni;19:00;Portugal;Congo DR;Bet365;2:0;6
Mi., 17. Juni;19:00;Portugal;Congo DR;Bet365;1:0;7
Mi., 17. Juni;19:00;Portugal;Congo DR;Bet365;3:0;8
Mi., 17. Juni;19:00;Portugal;Congo DR;Bet365;2:1;9,5
Mi., 17. Juni;19:00;Portugal;Congo DR;Bet365;1:1;10
Mi., 17. Juni;19:00;Portugal;Congo DR;Bet365;0:0;12
Mi., 17. Juni;19:00;Portugal;Congo DR;Bet365;3:1;13
Mi., 17. Juni;19:00;Portugal;Congo DR;Bet365;4:0;13
Mi., 17. Juni;19:00;Portugal;Congo DR;Bet365;4:1;21
Mi., 17. Juni;19:00;Portugal;Congo DR;Bet365;0:1;23
Mi., 17. Juni;19:00;Portugal;Congo DR;Bet365;2:2;26
Mi., 17. Juni;19:00;Portugal;Congo DR;Bet365;5:0;29
Mi., 17. Juni;19:00;Portugal;Congo DR;Bet365;3:2;34
Mi., 17. Juni;19:00;Portugal;Congo DR;Bet365;1:2;34
Mi., 17. Juni;19:00;Portugal;Congo DR;Bet365;5:1;41
Mi., 17. Juni;19:00;Portugal;Congo DR;Bet365;0:2;51
Mi., 17. Juni;19:00;Portugal;Congo DR;Bet365;4:2;51
Mi., 17. Juni;19:00;Portugal;Congo DR;Bet365;6:0;51
Mi., 17. Juni;19:00;Portugal;Congo DR;Bet365;6:1;67
Mi., 17. Juni;19:00;Portugal;Congo DR;Bet365;5:2;81
Mi., 17. Juni;19:00;Portugal;Congo DR;Bet365;1:3;81
Mi., 17. Juni;19:00;Portugal;Congo DR;Bet365;2:3;81
Mi., 17. Juni;19:00;Portugal;Congo DR;Bet365;3:3;81
Mi., 17. Juni;19:00;Portugal;Congo DR;Bet365;7:0;101
Mi., 17. Juni;19:00;Portugal;Congo DR;Bet365;0:3;151
Mi., 17. Juni;19:00;Portugal;Congo DR;Bet365;7:1;151
Mi., 17. Juni;19:00;Portugal;Congo DR;Bet365;6:2;151
Mi., 17. Juni;19:00;Portugal;Congo DR;Bet365;4:3;151
Mi., 17. Juni;19:00;Portugal;Congo DR;Bet365;5:3;251
Mi., 17. Juni;19:00;Portugal;Congo DR;Bet365;8:0;301
Mi., 17. Juni;19:00;Portugal;Congo DR;Bet365;2:4;351
Mi., 17. Juni;19:00;Portugal;Congo DR;Bet365;1:4;401
Mi., 17. Juni;19:00;Portugal;Congo DR;Bet365;3:4;451
Mi., 17. Juni;19:00;Portugal;Congo DR;Bet365;7:2;451
Mi., 17. Juni;19:00;Portugal;Congo DR;Bet365;8:1;501
Mi., 17. Juni;22:00;England;Croatia;Bet365;1:0;6,5
Mi., 17. Juni;22:00;England;Croatia;Bet365;1:1;7,5
Mi., 17. Juni;22:00;England;Croatia;Bet365;2:0;7,5
Mi., 17. Juni;22:00;England;Croatia;Bet365;0:0;8,5
Mi., 17. Juni;22:00;England;Croatia;Bet365;2:1;9
Mi., 17. Juni;22:00;England;Croatia;Bet365;0:1;12
Mi., 17. Juni;22:00;England;Croatia;Bet365;3:0;13
Mi., 17. Juni;22:00;England;Croatia;Bet365;1:2;17
Mi., 17. Juni;22:00;England;Croatia;Bet365;3:1;17
Mi., 17. Juni;22:00;England;Croatia;Bet365;2:2;21
Mi., 17. Juni;22:00;England;Croatia;Bet365;0:2;26
Mi., 17. Juni;22:00;England;Croatia;Bet365;4:0;29
Mi., 17. Juni;22:00;England;Croatia;Bet365;3:2;34
Mi., 17. Juni;22:00;England;Croatia;Bet365;4:1;34
Mi., 17. Juni;22:00;England;Croatia;Bet365;1:3;41
Mi., 17. Juni;22:00;England;Croatia;Bet365;0:3;51
Mi., 17. Juni;22:00;England;Croatia;Bet365;2:3;51
Mi., 17. Juni;22:00;England;Croatia;Bet365;4:2;51
Mi., 17. Juni;22:00;England;Croatia;Bet365;5:0;51
Mi., 17. Juni;22:00;England;Croatia;Bet365;3:3;67
Mi., 17. Juni;22:00;England;Croatia;Bet365;5:1;67
Mi., 17. Juni;22:00;England;Croatia;Bet365;1:4;126
Mi., 17. Juni;22:00;England;Croatia;Bet365;5:2;126
Mi., 17. Juni;22:00;England;Croatia;Bet365;2:4;151
Mi., 17. Juni;22:00;England;Croatia;Bet365;4:3;151
Mi., 17. Juni;22:00;England;Croatia;Bet365;6:0;151
Mi., 17. Juni;22:00;England;Croatia;Bet365;6:1;151
Mi., 17. Juni;22:00;England;Croatia;Bet365;0:4;201
Mi., 17. Juni;22:00;England;Croatia;Bet365;3:4;251
Mi., 17. Juni;22:00;England;Croatia;Bet365;5:3;351
Mi., 17. Juni;22:00;England;Croatia;Bet365;6:2;351
Mi., 17. Juni;22:00;England;Croatia;Bet365;4:4;501
Mi., 17. Juni;22:00;England;Croatia;Bet365;7:0;501
Do., 18. Juni;01:00;Ghana;Panama;Bet365;1:1;6,5
Do., 18. Juni;01:00;Ghana;Panama;Bet365;1:0;7
Do., 18. Juni;01:00;Ghana;Panama;Bet365;0:0;7,5
Do., 18. Juni;01:00;Ghana;Panama;Bet365;0:1;9
Do., 18. Juni;01:00;Ghana;Panama;Bet365;2:1;10
Do., 18. Juni;01:00;Ghana;Panama;Bet365;2:0;10
Do., 18. Juni;01:00;Ghana;Panama;Bet365;1:2;13
Do., 18. Juni;01:00;Ghana;Panama;Bet365;0:2;17
Do., 18. Juni;01:00;Ghana;Panama;Bet365;2:2;19
Do., 18. Juni;01:00;Ghana;Panama;Bet365;3:1;21
Do., 18. Juni;01:00;Ghana;Panama;Bet365;3:0;21
Do., 18. Juni;01:00;Ghana;Panama;Bet365;1:3;34
Do., 18. Juni;01:00;Ghana;Panama;Bet365;3:2;41
Do., 18. Juni;01:00;Ghana;Panama;Bet365;0:3;41
Do., 18. Juni;01:00;Ghana;Panama;Bet365;2:3;41
Do., 18. Juni;01:00;Ghana;Panama;Bet365;4:1;51
Do., 18. Juni;01:00;Ghana;Panama;Bet365;4:0;51
Do., 18. Juni;01:00;Ghana;Panama;Bet365;4:2;67
Do., 18. Juni;01:00;Ghana;Panama;Bet365;3:3;67
Do., 18. Juni;01:00;Ghana;Panama;Bet365;1:4;81
Do., 18. Juni;01:00;Ghana;Panama;Bet365;0:4;81
Do., 18. Juni;01:00;Ghana;Panama;Bet365;2:4;101
Do., 18. Juni;01:00;Ghana;Panama;Bet365;5:0;126
Do., 18. Juni;01:00;Ghana;Panama;Bet365;5:1;126
Do., 18. Juni;01:00;Ghana;Panama;Bet365;4:3;151
Do., 18. Juni;01:00;Ghana;Panama;Bet365;3:4;201
Do., 18. Juni;01:00;Ghana;Panama;Bet365;5:2;201
Do., 18. Juni;01:00;Ghana;Panama;Bet365;1:5;251
Do., 18. Juni;01:00;Ghana;Panama;Bet365;0:5;351
Do., 18. Juni;01:00;Ghana;Panama;Bet365;2:5;401
Do., 18. Juni;01:00;Ghana;Panama;Bet365;6:1;401
Do., 18. Juni;01:00;Ghana;Panama;Bet365;6:0;401
Do., 18. Juni;01:00;Ghana;Panama;Bet365;4:4;501
Do., 18. Juni;01:00;Ghana;Panama;Bet365;5:3;501
Do., 18. Juni;04:00;Uzbekistan;Colombia;Bet365;0:2;6
Do., 18. Juni;04:00;Uzbekistan;Colombia;Bet365;0:1;6,5
Do., 18. Juni;04:00;Uzbekistan;Colombia;Bet365;0:3;8,5
Do., 18. Juni;04:00;Uzbekistan;Colombia;Bet365;1:1;9
Do., 18. Juni;04:00;Uzbekistan;Colombia;Bet365;1:2;9,5
Do., 18. Juni;04:00;Uzbekistan;Colombia;Bet365;0:0;10
Do., 18. Juni;04:00;Uzbekistan;Colombia;Bet365;1:3;13
Do., 18. Juni;04:00;Uzbekistan;Colombia;Bet365;0:4;17
Do., 18. Juni;04:00;Uzbekistan;Colombia;Bet365;1:0;21
Do., 18. Juni;04:00;Uzbekistan;Colombia;Bet365;1:4;23
Do., 18. Juni;04:00;Uzbekistan;Colombia;Bet365;2:2;26
Do., 18. Juni;04:00;Uzbekistan;Colombia;Bet365;2:1;29
Do., 18. Juni;04:00;Uzbekistan;Colombia;Bet365;2:3;34
Do., 18. Juni;04:00;Uzbekistan;Colombia;Bet365;0:5;34
Do., 18. Juni;04:00;Uzbekistan;Colombia;Bet365;1:5;41
Do., 18. Juni;04:00;Uzbekistan;Colombia;Bet365;2:0;41
Do., 18. Juni;04:00;Uzbekistan;Colombia;Bet365;2:4;51
Do., 18. Juni;04:00;Uzbekistan;Colombia;Bet365;0:6;67
Do., 18. Juni;04:00;Uzbekistan;Colombia;Bet365;3:1;81
Do., 18. Juni;04:00;Uzbekistan;Colombia;Bet365;3:2;81
Do., 18. Juni;04:00;Uzbekistan;Colombia;Bet365;1:6;81
Do., 18. Juni;04:00;Uzbekistan;Colombia;Bet365;3:3;81
Do., 18. Juni;04:00;Uzbekistan;Colombia;Bet365;2:5;101
Do., 18. Juni;04:00;Uzbekistan;Colombia;Bet365;3:0;126
Do., 18. Juni;04:00;Uzbekistan;Colombia;Bet365;0:7;151
Do., 18. Juni;04:00;Uzbekistan;Colombia;Bet365;3:4;151
Do., 18. Juni;04:00;Uzbekistan;Colombia;Bet365;2:6;201
Do., 18. Juni;04:00;Uzbekistan;Colombia;Bet365;1:7;201
Do., 18. Juni;04:00;Uzbekistan;Colombia;Bet365;3:5;351
Do., 18. Juni;04:00;Uzbekistan;Colombia;Bet365;4:1;351
Do., 18. Juni;04:00;Uzbekistan;Colombia;Bet365;4:2;351
Do., 18. Juni;04:00;Uzbekistan;Colombia;Bet365;4:3;451
Do., 18. Juni;04:00;Uzbekistan;Colombia;Bet365;0:8;501
Do., 18. Juni;18:00;Czechia;South Africa;Bet365;1:0;6,5
Do., 18. Juni;18:00;Czechia;South Africa;Bet365;1:1;7,5
Do., 18. Juni;18:00;Czechia;South Africa;Bet365;2:0;8
Do., 18. Juni;18:00;Czechia;South Africa;Bet365;0:0;8,5
Do., 18. Juni;18:00;Czechia;South Africa;Bet365;2:1;9,5
Do., 18. Juni;18:00;Czechia;South Africa;Bet365;0:1;11
Do., 18. Juni;18:00;Czechia;South Africa;Bet365;3:0;15
Do., 18. Juni;18:00;Czechia;South Africa;Bet365;3:1;17
Do., 18. Juni;18:00;Czechia;South Africa;Bet365;1:2;17
Do., 18. Juni;18:00;Czechia;South Africa;Bet365;2:2;21
Do., 18. Juni;18:00;Czechia;South Africa;Bet365;0:2;23
Do., 18. Juni;18:00;Czechia;South Africa;Bet365;3:2;34
Do., 18. Juni;18:00;Czechia;South Africa;Bet365;4:0;34
Do., 18. Juni;18:00;Czechia;South Africa;Bet365;4:1;34
Do., 18. Juni;18:00;Czechia;South Africa;Bet365;1:3;41
Do., 18. Juni;18:00;Czechia;South Africa;Bet365;2:3;51
Do., 18. Juni;18:00;Czechia;South Africa;Bet365;4:2;51
Do., 18. Juni;18:00;Czechia;South Africa;Bet365;0:3;51
Do., 18. Juni;18:00;Czechia;South Africa;Bet365;5:0;67
Do., 18. Juni;18:00;Czechia;South Africa;Bet365;5:1;67
Do., 18. Juni;18:00;Czechia;South Africa;Bet365;3:3;67
Do., 18. Juni;18:00;Czechia;South Africa;Bet365;5:2;126
Do., 18. Juni;18:00;Czechia;South Africa;Bet365;1:4;126
Do., 18. Juni;18:00;Czechia;South Africa;Bet365;4:3;151
Do., 18. Juni;18:00;Czechia;South Africa;Bet365;2:4;151
Do., 18. Juni;18:00;Czechia;South Africa;Bet365;0:4;151
Do., 18. Juni;18:00;Czechia;South Africa;Bet365;6:0;151
Do., 18. Juni;18:00;Czechia;South Africa;Bet365;6:1;201
Do., 18. Juni;18:00;Czechia;South Africa;Bet365;3:4;251
Do., 18. Juni;18:00;Czechia;South Africa;Bet365;6:2;401
Do., 18. Juni;18:00;Czechia;South Africa;Bet365;5:3;401
Do., 18. Juni;18:00;Czechia;South Africa;Bet365;1:5;501
Do., 18. Juni;18:00;Czechia;South Africa;Bet365;4:4;501
Do., 18. Juni;21:00;Switzerland;Bosnia and Herzegovina;Bet365;1:0;6
Do., 18. Juni;21:00;Switzerland;Bosnia and Herzegovina;Bet365;2:0;7
Do., 18. Juni;21:00;Switzerland;Bosnia and Herzegovina;Bet365;1:1;8
Do., 18. Juni;21:00;Switzerland;Bosnia and Herzegovina;Bet365;2:1;9
Do., 18. Juni;21:00;Switzerland;Bosnia and Herzegovina;Bet365;0:0;9,5
Do., 18. Juni;21:00;Switzerland;Bosnia and Herzegovina;Bet365;3:0;11
Do., 18. Juni;21:00;Switzerland;Bosnia and Herzegovina;Bet365;0:1;13
Do., 18. Juni;21:00;Switzerland;Bosnia and Herzegovina;Bet365;3:1;15
Do., 18. Juni;21:00;Switzerland;Bosnia and Herzegovina;Bet365;1:2;21
Do., 18. Juni;21:00;Switzerland;Bosnia and Herzegovina;Bet365;2:2;21
Do., 18. Juni;21:00;Switzerland;Bosnia and Herzegovina;Bet365;4:0;23
Do., 18. Juni;21:00;Switzerland;Bosnia and Herzegovina;Bet365;4:1;29
Do., 18. Juni;21:00;Switzerland;Bosnia and Herzegovina;Bet365;0:2;34
Do., 18. Juni;21:00;Switzerland;Bosnia and Herzegovina;Bet365;3:2;34
Do., 18. Juni;21:00;Switzerland;Bosnia and Herzegovina;Bet365;1:3;51
Do., 18. Juni;21:00;Switzerland;Bosnia and Herzegovina;Bet365;2:3;51
Do., 18. Juni;21:00;Switzerland;Bosnia and Herzegovina;Bet365;4:2;51
Do., 18. Juni;21:00;Switzerland;Bosnia and Herzegovina;Bet365;5:1;51
Do., 18. Juni;21:00;Switzerland;Bosnia and Herzegovina;Bet365;5:0;51
Do., 18. Juni;21:00;Switzerland;Bosnia and Herzegovina;Bet365;0:3;81
Do., 18. Juni;21:00;Switzerland;Bosnia and Herzegovina;Bet365;3:3;81
Do., 18. Juni;21:00;Switzerland;Bosnia and Herzegovina;Bet365;5:2;101
Do., 18. Juni;21:00;Switzerland;Bosnia and Herzegovina;Bet365;6:0;101
Do., 18. Juni;21:00;Switzerland;Bosnia and Herzegovina;Bet365;6:1;126
Do., 18. Juni;21:00;Switzerland;Bosnia and Herzegovina;Bet365;4:3;151
Do., 18. Juni;21:00;Switzerland;Bosnia and Herzegovina;Bet365;1:4;151
Do., 18. Juni;21:00;Switzerland;Bosnia and Herzegovina;Bet365;2:4;201
Do., 18. Juni;21:00;Switzerland;Bosnia and Herzegovina;Bet365;0:4;301
Do., 18. Juni;21:00;Switzerland;Bosnia and Herzegovina;Bet365;7:0;301
Do., 18. Juni;21:00;Switzerland;Bosnia and Herzegovina;Bet365;3:4;301
Do., 18. Juni;21:00;Switzerland;Bosnia and Herzegovina;Bet365;6:2;301
Do., 18. Juni;21:00;Switzerland;Bosnia and Herzegovina;Bet365;5:3;351
Do., 18. Juni;21:00;Switzerland;Bosnia and Herzegovina;Bet365;7:1;401
Fr., 19. Juni;00:00;Canada;Qatar;Bet365;2:0;5,5
Fr., 19. Juni;00:00;Canada;Qatar;Bet365;1:0;6,5
Fr., 19. Juni;00:00;Canada;Qatar;Bet365;3:0;7,5
Fr., 19. Juni;00:00;Canada;Qatar;Bet365;2:1;10
Fr., 19. Juni;00:00;Canada;Qatar;Bet365;0:0;11
Fr., 19. Juni;00:00;Canada;Qatar;Bet365;1:1;11
Fr., 19. Juni;00:00;Canada;Qatar;Bet365;4:0;13
Fr., 19. Juni;00:00;Canada;Qatar;Bet365;3:1;13
Fr., 19. Juni;00:00;Canada;Qatar;Bet365;4:1;21
Fr., 19. Juni;00:00;Canada;Qatar;Bet365;0:1;23
Fr., 19. Juni;00:00;Canada;Qatar;Bet365;5:0;26
Fr., 19. Juni;00:00;Canada;Qatar;Bet365;2:2;29
Fr., 19. Juni;00:00;Canada;Qatar;Bet365;1:2;34
Fr., 19. Juni;00:00;Canada;Qatar;Bet365;3:2;41
Fr., 19. Juni;00:00;Canada;Qatar;Bet365;5:1;41
Fr., 19. Juni;00:00;Canada;Qatar;Bet365;6:0;51
Fr., 19. Juni;00:00;Canada;Qatar;Bet365;0:2;51
Fr., 19. Juni;00:00;Canada;Qatar;Bet365;4:2;51
Fr., 19. Juni;00:00;Canada;Qatar;Bet365;6:1;67
Fr., 19. Juni;00:00;Canada;Qatar;Bet365;2:3;81
Fr., 19. Juni;00:00;Canada;Qatar;Bet365;5:2;81
Fr., 19. Juni;00:00;Canada;Qatar;Bet365;7:0;101
Fr., 19. Juni;00:00;Canada;Qatar;Bet365;1:3;101
Fr., 19. Juni;00:00;Canada;Qatar;Bet365;3:3;101
Fr., 19. Juni;00:00;Canada;Qatar;Bet365;7:1;151
Fr., 19. Juni;00:00;Canada;Qatar;Bet365;4:3;151
Fr., 19. Juni;00:00;Canada;Qatar;Bet365;6:2;201
Fr., 19. Juni;00:00;Canada;Qatar;Bet365;0:3;201
Fr., 19. Juni;00:00;Canada;Qatar;Bet365;8:0;301
Fr., 19. Juni;00:00;Canada;Qatar;Bet365;5:3;351
Fr., 19. Juni;00:00;Canada;Qatar;Bet365;2:4;451
Fr., 19. Juni;00:00;Canada;Qatar;Bet365;7:2;501
Fr., 19. Juni;00:00;Canada;Qatar;Bet365;8:1;501
Fr., 19. Juni;00:00;Canada;Qatar;Bet365;1:4;501
Fr., 19. Juni;03:00;Mexico;Korea Republic;Bet365;1:0;6,5
Fr., 19. Juni;03:00;Mexico;Korea Republic;Bet365;1:1;6,5
Fr., 19. Juni;03:00;Mexico;Korea Republic;Bet365;0:0;7,5
Fr., 19. Juni;03:00;Mexico;Korea Republic;Bet365;2:0;9
Fr., 19. Juni;03:00;Mexico;Korea Republic;Bet365;2:1;9,5
Fr., 19. Juni;03:00;Mexico;Korea Republic;Bet365;0:1;10
Fr., 19. Juni;03:00;Mexico;Korea Republic;Bet365;1:2;15
Fr., 19. Juni;03:00;Mexico;Korea Republic;Bet365;3:0;17
Fr., 19. Juni;03:00;Mexico;Korea Republic;Bet365;3:1;19
Fr., 19. Juni;03:00;Mexico;Korea Republic;Bet365;2:2;19
Fr., 19. Juni;03:00;Mexico;Korea Republic;Bet365;0:2;21
Fr., 19. Juni;03:00;Mexico;Korea Republic;Bet365;3:2;34
Fr., 19. Juni;03:00;Mexico;Korea Republic;Bet365;1:3;41
Fr., 19. Juni;03:00;Mexico;Korea Republic;Bet365;4:1;41
Fr., 19. Juni;03:00;Mexico;Korea Republic;Bet365;4:0;41
Fr., 19. Juni;03:00;Mexico;Korea Republic;Bet365;2:3;51
Fr., 19. Juni;03:00;Mexico;Korea Republic;Bet365;0:3;51
Fr., 19. Juni;03:00;Mexico;Korea Republic;Bet365;4:2;67
Fr., 19. Juni;03:00;Mexico;Korea Republic;Bet365;3:3;67
Fr., 19. Juni;03:00;Mexico;Korea Republic;Bet365;5:0;81
Fr., 19. Juni;03:00;Mexico;Korea Republic;Bet365;5:1;81
Fr., 19. Juni;03:00;Mexico;Korea Republic;Bet365;1:4;101
Fr., 19. Juni;03:00;Mexico;Korea Republic;Bet365;0:4;126
Fr., 19. Juni;03:00;Mexico;Korea Republic;Bet365;2:4;126
Fr., 19. Juni;03:00;Mexico;Korea Republic;Bet365;4:3;151
Fr., 19. Juni;03:00;Mexico;Korea Republic;Bet365;5:2;151
Fr., 19. Juni;03:00;Mexico;Korea Republic;Bet365;6:0;251
Fr., 19. Juni;03:00;Mexico;Korea Republic;Bet365;3:4;251
Fr., 19. Juni;03:00;Mexico;Korea Republic;Bet365;6:1;301
Fr., 19. Juni;03:00;Mexico;Korea Republic;Bet365;1:5;401
Fr., 19. Juni;03:00;Mexico;Korea Republic;Bet365;5:3;451
Fr., 19. Juni;03:00;Mexico;Korea Republic;Bet365;0:5;501
Fr., 19. Juni;03:00;Mexico;Korea Republic;Bet365;2:5;501
Fr., 19. Juni;03:00;Mexico;Korea Republic;Bet365;6:2;501
Fr., 19. Juni;03:00;Mexico;Korea Republic;Bet365;4:4;501
Fr., 19. Juni;21:00;USA;Australia;Bet365;1:0;6,5
Fr., 19. Juni;21:00;USA;Australia;Bet365;2:0;7
Fr., 19. Juni;21:00;USA;Australia;Bet365;1:1;8
Fr., 19. Juni;21:00;USA;Australia;Bet365;2:1;9
Fr., 19. Juni;21:00;USA;Australia;Bet365;0:0;10
Fr., 19. Juni;21:00;USA;Australia;Bet365;3:0;12
Fr., 19. Juni;21:00;USA;Australia;Bet365;0:1;13
Fr., 19. Juni;21:00;USA;Australia;Bet365;3:1;15
Fr., 19. Juni;21:00;USA;Australia;Bet365;1:2;19
Fr., 19. Juni;21:00;USA;Australia;Bet365;2:2;21
Fr., 19. Juni;21:00;USA;Australia;Bet365;4:0;23
Fr., 19. Juni;21:00;USA;Australia;Bet365;4:1;29
Fr., 19. Juni;21:00;USA;Australia;Bet365;0:2;29
Fr., 19. Juni;21:00;USA;Australia;Bet365;3:2;34
Fr., 19. Juni;21:00;USA;Australia;Bet365;1:3;51
Fr., 19. Juni;21:00;USA;Australia;Bet365;2:3;51
Fr., 19. Juni;21:00;USA;Australia;Bet365;5:1;51
Fr., 19. Juni;21:00;USA;Australia;Bet365;5:0;51
Fr., 19. Juni;21:00;USA;Australia;Bet365;4:2;51
Fr., 19. Juni;21:00;USA;Australia;Bet365;3:3;67
Fr., 19. Juni;21:00;USA;Australia;Bet365;0:3;67
Fr., 19. Juni;21:00;USA;Australia;Bet365;6:0;101
Fr., 19. Juni;21:00;USA;Australia;Bet365;5:2;101
Fr., 19. Juni;21:00;USA;Australia;Bet365;4:3;126
Fr., 19. Juni;21:00;USA;Australia;Bet365;6:1;126
Fr., 19. Juni;21:00;USA;Australia;Bet365;1:4;151
Fr., 19. Juni;21:00;USA;Australia;Bet365;2:4;151
Fr., 19. Juni;21:00;USA;Australia;Bet365;3:4;251
Fr., 19. Juni;21:00;USA;Australia;Bet365;6:2;251
Fr., 19. Juni;21:00;USA;Australia;Bet365;0:4;251
Fr., 19. Juni;21:00;USA;Australia;Bet365;5:3;301
Fr., 19. Juni;21:00;USA;Australia;Bet365;7:0;301
Fr., 19. Juni;21:00;USA;Australia;Bet365;7:1;401
Fr., 19. Juni;21:00;USA;Australia;Bet365;4:4;501
Sa., 20. Juni;00:00;Scotland;Morocco;Bet365;0:1;6
Sa., 20. Juni;00:00;Scotland;Morocco;Bet365;1:1;7
Sa., 20. Juni;00:00;Scotland;Morocco;Bet365;0:2;7,5
Sa., 20. Juni;00:00;Scotland;Morocco;Bet365;0:0;8
Sa., 20. Juni;00:00;Scotland;Morocco;Bet365;1:2;9,5
Sa., 20. Juni;00:00;Scotland;Morocco;Bet365;1:0;12
Sa., 20. Juni;00:00;Scotland;Morocco;Bet365;0:3;13
Sa., 20. Juni;00:00;Scotland;Morocco;Bet365;1:3;17
Sa., 20. Juni;00:00;Scotland;Morocco;Bet365;2:1;19
Sa., 20. Juni;00:00;Scotland;Morocco;Bet365;2:2;21
Sa., 20. Juni;00:00;Scotland;Morocco;Bet365;2:0;26
Sa., 20. Juni;00:00;Scotland;Morocco;Bet365;0:4;29
Sa., 20. Juni;00:00;Scotland;Morocco;Bet365;2:3;34
Sa., 20. Juni;00:00;Scotland;Morocco;Bet365;1:4;34
Sa., 20. Juni;00:00;Scotland;Morocco;Bet365;2:4;51
Sa., 20. Juni;00:00;Scotland;Morocco;Bet365;0:5;51
Sa., 20. Juni;00:00;Scotland;Morocco;Bet365;3:2;51
Sa., 20. Juni;00:00;Scotland;Morocco;Bet365;3:1;51
Sa., 20. Juni;00:00;Scotland;Morocco;Bet365;1:5;67
Sa., 20. Juni;00:00;Scotland;Morocco;Bet365;3:0;67
Sa., 20. Juni;00:00;Scotland;Morocco;Bet365;3:3;81
Sa., 20. Juni;00:00;Scotland;Morocco;Bet365;4:2;151
Sa., 20. Juni;00:00;Scotland;Morocco;Bet365;2:5;151
Sa., 20. Juni;00:00;Scotland;Morocco;Bet365;4:1;151
Sa., 20. Juni;00:00;Scotland;Morocco;Bet365;0:6;151
Sa., 20. Juni;00:00;Scotland;Morocco;Bet365;3:4;151
Sa., 20. Juni;00:00;Scotland;Morocco;Bet365;1:6;201
Sa., 20. Juni;00:00;Scotland;Morocco;Bet365;4:0;201
Sa., 20. Juni;00:00;Scotland;Morocco;Bet365;4:3;301
Sa., 20. Juni;00:00;Scotland;Morocco;Bet365;2:6;451
Sa., 20. Juni;00:00;Scotland;Morocco;Bet365;3:5;451
Sa., 20. Juni;00:00;Scotland;Morocco;Bet365;0:7;501
Sa., 20. Juni;02:30;Brazil;Haiti;Bet365;3:0;7
Sa., 20. Juni;02:30;Brazil;Haiti;Bet365;2:0;7,5
Sa., 20. Juni;02:30;Brazil;Haiti;Bet365;4:0;8,5
Sa., 20. Juni;02:30;Brazil;Haiti;Bet365;1:0;12
Sa., 20. Juni;02:30;Brazil;Haiti;Bet365;3:1;12
Sa., 20. Juni;02:30;Brazil;Haiti;Bet365;2:1;13
Sa., 20. Juni;02:30;Brazil;Haiti;Bet365;5:0;13
Sa., 20. Juni;02:30;Brazil;Haiti;Bet365;4:1;15
Sa., 20. Juni;02:30;Brazil;Haiti;Bet365;1:1;21
Sa., 20. Juni;02:30;Brazil;Haiti;Bet365;5:1;21
Sa., 20. Juni;02:30;Brazil;Haiti;Bet365;6:0;23
Sa., 20. Juni;02:30;Brazil;Haiti;Bet365;0:0;26
Sa., 20. Juni;02:30;Brazil;Haiti;Bet365;6:1;34
Sa., 20. Juni;02:30;Brazil;Haiti;Bet365;3:2;34
Sa., 20. Juni;02:30;Brazil;Haiti;Bet365;1:2;41
Sa., 20. Juni;02:30;Brazil;Haiti;Bet365;4:2;41
Sa., 20. Juni;02:30;Brazil;Haiti;Bet365;0:1;41
Sa., 20. Juni;02:30;Brazil;Haiti;Bet365;7:0;41
Sa., 20. Juni;02:30;Brazil;Haiti;Bet365;2:2;41
Sa., 20. Juni;02:30;Brazil;Haiti;Bet365;7:1;51
Sa., 20. Juni;02:30;Brazil;Haiti;Bet365;5:2;51
Sa., 20. Juni;02:30;Brazil;Haiti;Bet365;8:0;67
Sa., 20. Juni;02:30;Brazil;Haiti;Bet365;6:2;81
Sa., 20. Juni;02:30;Brazil;Haiti;Bet365;0:2;81
Sa., 20. Juni;02:30;Brazil;Haiti;Bet365;2:3;81
Sa., 20. Juni;02:30;Brazil;Haiti;Bet365;3:3;101
Sa., 20. Juni;02:30;Brazil;Haiti;Bet365;8:1;101
Sa., 20. Juni;02:30;Brazil;Haiti;Bet365;1:3;126
Sa., 20. Juni;02:30;Brazil;Haiti;Bet365;4:3;126
Sa., 20. Juni;02:30;Brazil;Haiti;Bet365;7:2;126
Sa., 20. Juni;02:30;Brazil;Haiti;Bet365;5:3;151
Sa., 20. Juni;02:30;Brazil;Haiti;Bet365;9:0;151
Sa., 20. Juni;02:30;Brazil;Haiti;Bet365;9:1;251
Sa., 20. Juni;02:30;Brazil;Haiti;Bet365;6:3;301
Sa., 20. Juni;02:30;Brazil;Haiti;Bet365;8:2;301
Sa., 20. Juni;02:30;Brazil;Haiti;Bet365;0:3;301
Sa., 20. Juni;02:30;Brazil;Haiti;Bet365;10:0;401
Sa., 20. Juni;02:30;Brazil;Haiti;Bet365;2:4;401
Sa., 20. Juni;02:30;Brazil;Haiti;Bet365;3:4;401
Sa., 20. Juni;02:30;Brazil;Haiti;Bet365;7:3;501
Sa., 20. Juni;05:00;Turkiye;Paraguay;Bet365;1:1;6,5
Sa., 20. Juni;05:00;Turkiye;Paraguay;Bet365;1:0;7
Sa., 20. Juni;05:00;Turkiye;Paraguay;Bet365;0:0;8
Sa., 20. Juni;05:00;Turkiye;Paraguay;Bet365;2:0;9,5
Sa., 20. Juni;05:00;Turkiye;Paraguay;Bet365;2:1;9,5
Sa., 20. Juni;05:00;Turkiye;Paraguay;Bet365;0:1;11
Sa., 20. Juni;05:00;Turkiye;Paraguay;Bet365;1:2;15
Sa., 20. Juni;05:00;Turkiye;Paraguay;Bet365;2:2;17
Sa., 20. Juni;05:00;Turkiye;Paraguay;Bet365;3:1;19
Sa., 20. Juni;05:00;Turkiye;Paraguay;Bet365;3:0;19
Sa., 20. Juni;05:00;Turkiye;Paraguay;Bet365;0:2;21
Sa., 20. Juni;05:00;Turkiye;Paraguay;Bet365;3:2;34
Sa., 20. Juni;05:00;Turkiye;Paraguay;Bet365;0:3;41
Sa., 20. Juni;05:00;Turkiye;Paraguay;Bet365;2:3;41
Sa., 20. Juni;05:00;Turkiye;Paraguay;Bet365;1:3;41
Sa., 20. Juni;05:00;Turkiye;Paraguay;Bet365;4:0;41
Sa., 20. Juni;05:00;Turkiye;Paraguay;Bet365;4:1;41
Sa., 20. Juni;05:00;Turkiye;Paraguay;Bet365;3:3;51
Sa., 20. Juni;05:00;Turkiye;Paraguay;Bet365;4:2;51
Sa., 20. Juni;05:00;Turkiye;Paraguay;Bet365;5:0;81
Sa., 20. Juni;05:00;Turkiye;Paraguay;Bet365;5:1;81
Sa., 20. Juni;05:00;Turkiye;Paraguay;Bet365;1:4;81
Sa., 20. Juni;05:00;Turkiye;Paraguay;Bet365;2:4;101
Sa., 20. Juni;05:00;Turkiye;Paraguay;Bet365;0:4;101
Sa., 20. Juni;05:00;Turkiye;Paraguay;Bet365;4:3;126
Sa., 20. Juni;05:00;Turkiye;Paraguay;Bet365;5:2;151
Sa., 20. Juni;05:00;Turkiye;Paraguay;Bet365;3:4;201
Sa., 20. Juni;05:00;Turkiye;Paraguay;Bet365;6:1;251
Sa., 20. Juni;05:00;Turkiye;Paraguay;Bet365;6:0;251
Sa., 20. Juni;05:00;Turkiye;Paraguay;Bet365;1:5;301
Sa., 20. Juni;05:00;Turkiye;Paraguay;Bet365;4:4;401
Sa., 20. Juni;05:00;Turkiye;Paraguay;Bet365;5:3;401
Sa., 20. Juni;05:00;Turkiye;Paraguay;Bet365;0:5;451
Sa., 20. Juni;05:00;Turkiye;Paraguay;Bet365;2:5;451
Sa., 20. Juni;05:00;Turkiye;Paraguay;Bet365;6:2;501
Sa., 20. Juni;19:00;Netherlands;Sweden;Bet365;1:1;7,5
Sa., 20. Juni;19:00;Netherlands;Sweden;Bet365;1:0;7,5
Sa., 20. Juni;19:00;Netherlands;Sweden;Bet365;2:0;8,5
Sa., 20. Juni;19:00;Netherlands;Sweden;Bet365;2:1;9
Sa., 20. Juni;19:00;Netherlands;Sweden;Bet365;0:0;11
Sa., 20. Juni;19:00;Netherlands;Sweden;Bet365;3:0;13
Sa., 20. Juni;19:00;Netherlands;Sweden;Bet365;0:1;15
Sa., 20. Juni;19:00;Netherlands;Sweden;Bet365;3:1;15
Sa., 20. Juni;19:00;Netherlands;Sweden;Bet365;2:2;17
Sa., 20. Juni;19:00;Netherlands;Sweden;Bet365;1:2;17
Sa., 20. Juni;19:00;Netherlands;Sweden;Bet365;0:2;26
Sa., 20. Juni;19:00;Netherlands;Sweden;Bet365;4:0;29
Sa., 20. Juni;19:00;Netherlands;Sweden;Bet365;3:2;29
Sa., 20. Juni;19:00;Netherlands;Sweden;Bet365;4:1;29
Sa., 20. Juni;19:00;Netherlands;Sweden;Bet365;1:3;41
Sa., 20. Juni;19:00;Netherlands;Sweden;Bet365;2:3;41
Sa., 20. Juni;19:00;Netherlands;Sweden;Bet365;3:3;51
Sa., 20. Juni;19:00;Netherlands;Sweden;Bet365;0:3;51
Sa., 20. Juni;19:00;Netherlands;Sweden;Bet365;4:2;51
Sa., 20. Juni;19:00;Netherlands;Sweden;Bet365;5:0;51
Sa., 20. Juni;19:00;Netherlands;Sweden;Bet365;5:1;51
Sa., 20. Juni;19:00;Netherlands;Sweden;Bet365;1:4;101
Sa., 20. Juni;19:00;Netherlands;Sweden;Bet365;2:4;101
Sa., 20. Juni;19:00;Netherlands;Sweden;Bet365;5:2;101
Sa., 20. Juni;19:00;Netherlands;Sweden;Bet365;4:3;101
Sa., 20. Juni;19:00;Netherlands;Sweden;Bet365;6:0;126
Sa., 20. Juni;19:00;Netherlands;Sweden;Bet365;6:1;126
Sa., 20. Juni;19:00;Netherlands;Sweden;Bet365;0:4;151
Sa., 20. Juni;19:00;Netherlands;Sweden;Bet365;3:4;151
Sa., 20. Juni;19:00;Netherlands;Sweden;Bet365;5:3;251
Sa., 20. Juni;19:00;Netherlands;Sweden;Bet365;6:2;251
Sa., 20. Juni;19:00;Netherlands;Sweden;Bet365;4:4;301
Sa., 20. Juni;19:00;Netherlands;Sweden;Bet365;7:1;401
Sa., 20. Juni;19:00;Netherlands;Sweden;Bet365;1:5;401
Sa., 20. Juni;19:00;Netherlands;Sweden;Bet365;7:0;401
Sa., 20. Juni;19:00;Netherlands;Sweden;Bet365;2:5;451
Sa., 20. Juni;22:00;Germany;Ivory Coast;Bet365;1:0;8
Sa., 20. Juni;22:00;Germany;Ivory Coast;Bet365;2:0;8
Sa., 20. Juni;22:00;Germany;Ivory Coast;Bet365;1:1;8,5
Sa., 20. Juni;22:00;Germany;Ivory Coast;Bet365;2:1;9
Sa., 20. Juni;22:00;Germany;Ivory Coast;Bet365;3:0;12
Sa., 20. Juni;22:00;Germany;Ivory Coast;Bet365;0:0;13
Sa., 20. Juni;22:00;Germany;Ivory Coast;Bet365;3:1;13
Sa., 20. Juni;22:00;Germany;Ivory Coast;Bet365;0:1;17
Sa., 20. Juni;22:00;Germany;Ivory Coast;Bet365;2:2;17
Sa., 20. Juni;22:00;Germany;Ivory Coast;Bet365;1:2;19
Sa., 20. Juni;22:00;Germany;Ivory Coast;Bet365;4:0;21
Sa., 20. Juni;22:00;Germany;Ivory Coast;Bet365;4:1;23
Sa., 20. Juni;22:00;Germany;Ivory Coast;Bet365;3:2;26
Sa., 20. Juni;22:00;Germany;Ivory Coast;Bet365;0:2;34
Sa., 20. Juni;22:00;Germany;Ivory Coast;Bet365;2:3;41
Sa., 20. Juni;22:00;Germany;Ivory Coast;Bet365;5:1;41
Sa., 20. Juni;22:00;Germany;Ivory Coast;Bet365;1:3;41
Sa., 20. Juni;22:00;Germany;Ivory Coast;Bet365;4:2;41
Sa., 20. Juni;22:00;Germany;Ivory Coast;Bet365;5:0;41
Sa., 20. Juni;22:00;Germany;Ivory Coast;Bet365;3:3;51
Sa., 20. Juni;22:00;Germany;Ivory Coast;Bet365;0:3;67
Sa., 20. Juni;22:00;Germany;Ivory Coast;Bet365;5:2;67
Sa., 20. Juni;22:00;Germany;Ivory Coast;Bet365;4:3;81
Sa., 20. Juni;22:00;Germany;Ivory Coast;Bet365;6:1;81
Sa., 20. Juni;22:00;Germany;Ivory Coast;Bet365;6:0;81
Sa., 20. Juni;22:00;Germany;Ivory Coast;Bet365;1:4;126
Sa., 20. Juni;22:00;Germany;Ivory Coast;Bet365;2:4;126
Sa., 20. Juni;22:00;Germany;Ivory Coast;Bet365;6:2;151
Sa., 20. Juni;22:00;Germany;Ivory Coast;Bet365;3:4;151
Sa., 20. Juni;22:00;Germany;Ivory Coast;Bet365;5:3;151
Sa., 20. Juni;22:00;Germany;Ivory Coast;Bet365;7:0;201
Sa., 20. Juni;22:00;Germany;Ivory Coast;Bet365;0:4;201
Sa., 20. Juni;22:00;Germany;Ivory Coast;Bet365;4:4;251
Sa., 20. Juni;22:00;Germany;Ivory Coast;Bet365;7:1;251
Sa., 20. Juni;22:00;Germany;Ivory Coast;Bet365;6:3;451
Sa., 20. Juni;22:00;Germany;Ivory Coast;Bet365;7:2;451
Sa., 20. Juni;22:00;Germany;Ivory Coast;Bet365;1:5;501
Sa., 20. Juni;22:00;Germany;Ivory Coast;Bet365;2:5;501
So., 21. Juni;02:00;Ecuador;Curacao;Bet365;3:0;5,5
So., 21. Juni;02:00;Ecuador;Curacao;Bet365;2:0;5,5
So., 21. Juni;02:00;Ecuador;Curacao;Bet365;1:0;7,5
So., 21. Juni;02:00;Ecuador;Curacao;Bet365;4:0;7,5
So., 21. Juni;02:00;Ecuador;Curacao;Bet365;5:0;12
So., 21. Juni;02:00;Ecuador;Curacao;Bet365;3:1;15
So., 21. Juni;02:00;Ecuador;Curacao;Bet365;2:1;15
So., 21. Juni;02:00;Ecuador;Curacao;Bet365;0:0;17
So., 21. Juni;02:00;Ecuador;Curacao;Bet365;4:1;21
So., 21. Juni;02:00;Ecuador;Curacao;Bet365;6:0;23
So., 21. Juni;02:00;Ecuador;Curacao;Bet365;1:1;23
So., 21. Juni;02:00;Ecuador;Curacao;Bet365;5:1;34
So., 21. Juni;02:00;Ecuador;Curacao;Bet365;0:1;41
So., 21. Juni;02:00;Ecuador;Curacao;Bet365;7:0;41
So., 21. Juni;02:00;Ecuador;Curacao;Bet365;1:2;51
So., 21. Juni;02:00;Ecuador;Curacao;Bet365;3:2;51
So., 21. Juni;02:00;Ecuador;Curacao;Bet365;6:1;51
So., 21. Juni;02:00;Ecuador;Curacao;Bet365;2:2;51
So., 21. Juni;02:00;Ecuador;Curacao;Bet365;4:2;67
So., 21. Juni;02:00;Ecuador;Curacao;Bet365;7:1;81
So., 21. Juni;02:00;Ecuador;Curacao;Bet365;8:0;81
So., 21. Juni;02:00;Ecuador;Curacao;Bet365;5:2;101
So., 21. Juni;02:00;Ecuador;Curacao;Bet365;0:2;126
So., 21. Juni;02:00;Ecuador;Curacao;Bet365;6:2;151
So., 21. Juni;02:00;Ecuador;Curacao;Bet365;9:0;201
So., 21. Juni;02:00;Ecuador;Curacao;Bet365;2:3;201
So., 21. Juni;02:00;Ecuador;Curacao;Bet365;8:1;201
So., 21. Juni;02:00;Ecuador;Curacao;Bet365;1:3;301
So., 21. Juni;02:00;Ecuador;Curacao;Bet365;3:3;301
So., 21. Juni;02:00;Ecuador;Curacao;Bet365;7:2;351
So., 21. Juni;02:00;Ecuador;Curacao;Bet365;4:3;401
So., 21. Juni;02:00;Ecuador;Curacao;Bet365;0:3;501
So., 21. Juni;02:00;Ecuador;Curacao;Bet365;10:0;501
So., 21. Juni;02:00;Ecuador;Curacao;Bet365;9:1;501
So., 21. Juni;06:00;Tunisia;Japan;Bet365;0:1;6
So., 21. Juni;06:00;Tunisia;Japan;Bet365;0:2;6,5
So., 21. Juni;06:00;Tunisia;Japan;Bet365;1:1;7,5
So., 21. Juni;06:00;Tunisia;Japan;Bet365;0:0;8
So., 21. Juni;06:00;Tunisia;Japan;Bet365;1:2;9,5
So., 21. Juni;06:00;Tunisia;Japan;Bet365;0:3;11
So., 21. Juni;06:00;Tunisia;Japan;Bet365;1:3;15
So., 21. Juni;06:00;Tunisia;Japan;Bet365;1:0;17
So., 21. Juni;06:00;Tunisia;Japan;Bet365;0:4;21
So., 21. Juni;06:00;Tunisia;Japan;Bet365;2:2;21
So., 21. Juni;06:00;Tunisia;Japan;Bet365;2:1;23
So., 21. Juni;06:00;Tunisia;Japan;Bet365;1:4;29
So., 21. Juni;06:00;Tunisia;Japan;Bet365;2:3;34
So., 21. Juni;06:00;Tunisia;Japan;Bet365;0:5;41
So., 21. Juni;06:00;Tunisia;Japan;Bet365;2:0;41
So., 21. Juni;06:00;Tunisia;Japan;Bet365;2:4;51
So., 21. Juni;06:00;Tunisia;Japan;Bet365;1:5;51
So., 21. Juni;06:00;Tunisia;Japan;Bet365;3:1;67
So., 21. Juni;06:00;Tunisia;Japan;Bet365;3:2;67
So., 21. Juni;06:00;Tunisia;Japan;Bet365;3:0;81
So., 21. Juni;06:00;Tunisia;Japan;Bet365;3:3;81
So., 21. Juni;06:00;Tunisia;Japan;Bet365;0:6;101
So., 21. Juni;06:00;Tunisia;Japan;Bet365;1:6;126
So., 21. Juni;06:00;Tunisia;Japan;Bet365;2:5;126
So., 21. Juni;06:00;Tunisia;Japan;Bet365;3:4;151
So., 21. Juni;06:00;Tunisia;Japan;Bet365;4:1;201
So., 21. Juni;06:00;Tunisia;Japan;Bet365;4:2;251
So., 21. Juni;06:00;Tunisia;Japan;Bet365;0:7;301
So., 21. Juni;06:00;Tunisia;Japan;Bet365;2:6;301
So., 21. Juni;06:00;Tunisia;Japan;Bet365;4:0;401
So., 21. Juni;06:00;Tunisia;Japan;Bet365;1:7;401
So., 21. Juni;06:00;Tunisia;Japan;Bet365;4:3;401
So., 21. Juni;06:00;Tunisia;Japan;Bet365;3:5;401
So., 21. Juni;18:00;Spain;Saudi Arabia;Bet365;2:0;6
So., 21. Juni;18:00;Spain;Saudi Arabia;Bet365;3:0;6
So., 21. Juni;18:00;Spain;Saudi Arabia;Bet365;4:0;8
So., 21. Juni;18:00;Spain;Saudi Arabia;Bet365;1:0;8,5
So., 21. Juni;18:00;Spain;Saudi Arabia;Bet365;2:1;13
So., 21. Juni;18:00;Spain;Saudi Arabia;Bet365;5:0;13
So., 21. Juni;18:00;Spain;Saudi Arabia;Bet365;3:1;15
So., 21. Juni;18:00;Spain;Saudi Arabia;Bet365;0:0;19
So., 21. Juni;18:00;Spain;Saudi Arabia;Bet365;4:1;19
So., 21. Juni;18:00;Spain;Saudi Arabia;Bet365;1:1;21
So., 21. Juni;18:00;Spain;Saudi Arabia;Bet365;6:0;23
So., 21. Juni;18:00;Spain;Saudi Arabia;Bet365;5:1;29
So., 21. Juni;18:00;Spain;Saudi Arabia;Bet365;7:0;41
So., 21. Juni;18:00;Spain;Saudi Arabia;Bet365;6:1;41
So., 21. Juni;18:00;Spain;Saudi Arabia;Bet365;0:1;41
So., 21. Juni;18:00;Spain;Saudi Arabia;Bet365;2:2;51
So., 21. Juni;18:00;Spain;Saudi Arabia;Bet365;3:2;51
So., 21. Juni;18:00;Spain;Saudi Arabia;Bet365;1:2;51
So., 21. Juni;18:00;Spain;Saudi Arabia;Bet365;4:2;51
So., 21. Juni;18:00;Spain;Saudi Arabia;Bet365;7:1;81
So., 21. Juni;18:00;Spain;Saudi Arabia;Bet365;8:0;81
So., 21. Juni;18:00;Spain;Saudi Arabia;Bet365;5:2;81
So., 21. Juni;18:00;Spain;Saudi Arabia;Bet365;0:2;101
So., 21. Juni;18:00;Spain;Saudi Arabia;Bet365;6:2;126
So., 21. Juni;18:00;Spain;Saudi Arabia;Bet365;8:1;151
So., 21. Juni;18:00;Spain;Saudi Arabia;Bet365;2:3;151
So., 21. Juni;18:00;Spain;Saudi Arabia;Bet365;9:0;201
So., 21. Juni;18:00;Spain;Saudi Arabia;Bet365;3:3;201
So., 21. Juni;18:00;Spain;Saudi Arabia;Bet365;7:2;251
So., 21. Juni;18:00;Spain;Saudi Arabia;Bet365;1:3;251
So., 21. Juni;18:00;Spain;Saudi Arabia;Bet365;4:3;251
So., 21. Juni;18:00;Spain;Saudi Arabia;Bet365;5:3;401
So., 21. Juni;18:00;Spain;Saudi Arabia;Bet365;9:1;401
So., 21. Juni;18:00;Spain;Saudi Arabia;Bet365;0:3;501
So., 21. Juni;18:00;Spain;Saudi Arabia;Bet365;10:0;501
So., 21. Juni;21:00;Belgium;Iran;Bet365;1:0;6,5
So., 21. Juni;21:00;Belgium;Iran;Bet365;2:0;6,5
So., 21. Juni;21:00;Belgium;Iran;Bet365;1:1;9
So., 21. Juni;21:00;Belgium;Iran;Bet365;2:1;9
So., 21. Juni;21:00;Belgium;Iran;Bet365;3:0;9,5
So., 21. Juni;21:00;Belgium;Iran;Bet365;0:0;11
So., 21. Juni;21:00;Belgium;Iran;Bet365;3:1;13
So., 21. Juni;21:00;Belgium;Iran;Bet365;0:1;19
So., 21. Juni;21:00;Belgium;Iran;Bet365;4:0;19
So., 21. Juni;21:00;Belgium;Iran;Bet365;2:2;23
So., 21. Juni;21:00;Belgium;Iran;Bet365;1:2;23
So., 21. Juni;21:00;Belgium;Iran;Bet365;4:1;23
So., 21. Juni;21:00;Belgium;Iran;Bet365;3:2;34
So., 21. Juni;21:00;Belgium;Iran;Bet365;0:2;41
So., 21. Juni;21:00;Belgium;Iran;Bet365;5:0;41
So., 21. Juni;21:00;Belgium;Iran;Bet365;5:1;41
So., 21. Juni;21:00;Belgium;Iran;Bet365;4:2;51
So., 21. Juni;21:00;Belgium;Iran;Bet365;1:3;67
So., 21. Juni;21:00;Belgium;Iran;Bet365;2:3;67
So., 21. Juni;21:00;Belgium;Iran;Bet365;6:0;67
So., 21. Juni;21:00;Belgium;Iran;Bet365;6:1;81
So., 21. Juni;21:00;Belgium;Iran;Bet365;3:3;81
So., 21. Juni;21:00;Belgium;Iran;Bet365;5:2;81
So., 21. Juni;21:00;Belgium;Iran;Bet365;0:3;101
So., 21. Juni;21:00;Belgium;Iran;Bet365;4:3;126
So., 21. Juni;21:00;Belgium;Iran;Bet365;7:0;151
So., 21. Juni;21:00;Belgium;Iran;Bet365;6:2;201
So., 21. Juni;21:00;Belgium;Iran;Bet365;7:1;251
So., 21. Juni;21:00;Belgium;Iran;Bet365;1:4;251
So., 21. Juni;21:00;Belgium;Iran;Bet365;2:4;251
So., 21. Juni;21:00;Belgium;Iran;Bet365;5:3;301
So., 21. Juni;21:00;Belgium;Iran;Bet365;3:4;351
So., 21. Juni;21:00;Belgium;Iran;Bet365;0:4;451
So., 21. Juni;21:00;Belgium;Iran;Bet365;4:4;501
Mo., 22. Juni;00:00;Uruguay;Cape Verde;Bet365;1:0;6
Mo., 22. Juni;00:00;Uruguay;Cape Verde;Bet365;2:0;6,5
Mo., 22. Juni;00:00;Uruguay;Cape Verde;Bet365;1:1;8
Mo., 22. Juni;00:00;Uruguay;Cape Verde;Bet365;0:0;8,5
Mo., 22. Juni;00:00;Uruguay;Cape Verde;Bet365;2:1;9,5
Mo., 22. Juni;00:00;Uruguay;Cape Verde;Bet365;3:0;10
Mo., 22. Juni;00:00;Uruguay;Cape Verde;Bet365;0:1;15
Mo., 22. Juni;00:00;Uruguay;Cape Verde;Bet365;3:1;15
Mo., 22. Juni;00:00;Uruguay;Cape Verde;Bet365;4:0;21
Mo., 22. Juni;00:00;Uruguay;Cape Verde;Bet365;1:2;23
Mo., 22. Juni;00:00;Uruguay;Cape Verde;Bet365;2:2;23
Mo., 22. Juni;00:00;Uruguay;Cape Verde;Bet365;4:1;29
Mo., 22. Juni;00:00;Uruguay;Cape Verde;Bet365;3:2;34
Mo., 22. Juni;00:00;Uruguay;Cape Verde;Bet365;5:0;41
Mo., 22. Juni;00:00;Uruguay;Cape Verde;Bet365;0:2;41
Mo., 22. Juni;00:00;Uruguay;Cape Verde;Bet365;4:2;51
Mo., 22. Juni;00:00;Uruguay;Cape Verde;Bet365;5:1;51
Mo., 22. Juni;00:00;Uruguay;Cape Verde;Bet365;1:3;51
Mo., 22. Juni;00:00;Uruguay;Cape Verde;Bet365;2:3;67
Mo., 22. Juni;00:00;Uruguay;Cape Verde;Bet365;3:3;81
Mo., 22. Juni;00:00;Uruguay;Cape Verde;Bet365;0:3;81
Mo., 22. Juni;00:00;Uruguay;Cape Verde;Bet365;6:0;101
Mo., 22. Juni;00:00;Uruguay;Cape Verde;Bet365;5:2;101
Mo., 22. Juni;00:00;Uruguay;Cape Verde;Bet365;6:1;126
Mo., 22. Juni;00:00;Uruguay;Cape Verde;Bet365;4:3;151
Mo., 22. Juni;00:00;Uruguay;Cape Verde;Bet365;1:4;251
Mo., 22. Juni;00:00;Uruguay;Cape Verde;Bet365;2:4;251
Mo., 22. Juni;00:00;Uruguay;Cape Verde;Bet365;7:0;251
Mo., 22. Juni;00:00;Uruguay;Cape Verde;Bet365;6:2;301
Mo., 22. Juni;00:00;Uruguay;Cape Verde;Bet365;0:4;401
Mo., 22. Juni;00:00;Uruguay;Cape Verde;Bet365;3:4;401
Mo., 22. Juni;00:00;Uruguay;Cape Verde;Bet365;7:1;401
Mo., 22. Juni;00:00;Uruguay;Cape Verde;Bet365;5:3;401
Mo., 22. Juni;03:00;New Zealand;Egypt;Bet365;0:1;6
Mo., 22. Juni;03:00;New Zealand;Egypt;Bet365;0:2;7
Mo., 22. Juni;03:00;New Zealand;Egypt;Bet365;1:1;8
Mo., 22. Juni;03:00;New Zealand;Egypt;Bet365;0:0;8,5
Mo., 22. Juni;03:00;New Zealand;Egypt;Bet365;1:2;9,5
Mo., 22. Juni;03:00;New Zealand;Egypt;Bet365;0:3;12
Mo., 22. Juni;03:00;New Zealand;Egypt;Bet365;1:0;12
Mo., 22. Juni;03:00;New Zealand;Egypt;Bet365;1:3;17
Mo., 22. Juni;03:00;New Zealand;Egypt;Bet365;2:1;19
Mo., 22. Juni;03:00;New Zealand;Egypt;Bet365;2:2;23
Mo., 22. Juni;03:00;New Zealand;Egypt;Bet365;0:4;26
Mo., 22. Juni;03:00;New Zealand;Egypt;Bet365;2:0;29
Mo., 22. Juni;03:00;New Zealand;Egypt;Bet365;1:4;34
Mo., 22. Juni;03:00;New Zealand;Egypt;Bet365;2:3;41
Mo., 22. Juni;03:00;New Zealand;Egypt;Bet365;3:1;51
Mo., 22. Juni;03:00;New Zealand;Egypt;Bet365;0:5;51
Mo., 22. Juni;03:00;New Zealand;Egypt;Bet365;2:4;51
Mo., 22. Juni;03:00;New Zealand;Egypt;Bet365;3:2;51
Mo., 22. Juni;03:00;New Zealand;Egypt;Bet365;1:5;67
Mo., 22. Juni;03:00;New Zealand;Egypt;Bet365;3:0;67
Mo., 22. Juni;03:00;New Zealand;Egypt;Bet365;3:3;81
Mo., 22. Juni;03:00;New Zealand;Egypt;Bet365;0:6;126
Mo., 22. Juni;03:00;New Zealand;Egypt;Bet365;2:5;126
Mo., 22. Juni;03:00;New Zealand;Egypt;Bet365;4:1;151
Mo., 22. Juni;03:00;New Zealand;Egypt;Bet365;1:6;151
Mo., 22. Juni;03:00;New Zealand;Egypt;Bet365;3:4;151
Mo., 22. Juni;03:00;New Zealand;Egypt;Bet365;4:2;201
Mo., 22. Juni;03:00;New Zealand;Egypt;Bet365;4:0;251
Mo., 22. Juni;03:00;New Zealand;Egypt;Bet365;2:6;351
Mo., 22. Juni;03:00;New Zealand;Egypt;Bet365;4:3;351
Mo., 22. Juni;03:00;New Zealand;Egypt;Bet365;0:7;401
Mo., 22. Juni;03:00;New Zealand;Egypt;Bet365;3:5;451
Mo., 22. Juni;03:00;New Zealand;Egypt;Bet365;1:7;501
Mo., 22. Juni;19:00;Argentina;Austria;Bet365;1:0;6,5
Mo., 22. Juni;19:00;Argentina;Austria;Bet365;2:0;7,5
Mo., 22. Juni;19:00;Argentina;Austria;Bet365;1:1;8
Mo., 22. Juni;19:00;Argentina;Austria;Bet365;2:1;9
Mo., 22. Juni;19:00;Argentina;Austria;Bet365;0:0;10
Mo., 22. Juni;19:00;Argentina;Austria;Bet365;3:0;12
Mo., 22. Juni;19:00;Argentina;Austria;Bet365;0:1;15
Mo., 22. Juni;19:00;Argentina;Austria;Bet365;3:1;15
Mo., 22. Juni;19:00;Argentina;Austria;Bet365;1:2;19
Mo., 22. Juni;19:00;Argentina;Austria;Bet365;2:2;19
Mo., 22. Juni;19:00;Argentina;Austria;Bet365;4:0;23
Mo., 22. Juni;19:00;Argentina;Austria;Bet365;0:2;29
Mo., 22. Juni;19:00;Argentina;Austria;Bet365;3:2;29
Mo., 22. Juni;19:00;Argentina;Austria;Bet365;4:1;29
Mo., 22. Juni;19:00;Argentina;Austria;Bet365;1:3;51
Mo., 22. Juni;19:00;Argentina;Austria;Bet365;2:3;51
Mo., 22. Juni;19:00;Argentina;Austria;Bet365;4:2;51
Mo., 22. Juni;19:00;Argentina;Austria;Bet365;5:0;51
Mo., 22. Juni;19:00;Argentina;Austria;Bet365;5:1;51
Mo., 22. Juni;19:00;Argentina;Austria;Bet365;3:3;67
Mo., 22. Juni;19:00;Argentina;Austria;Bet365;0:3;67
Mo., 22. Juni;19:00;Argentina;Austria;Bet365;6:0;101
Mo., 22. Juni;19:00;Argentina;Austria;Bet365;5:2;101
Mo., 22. Juni;19:00;Argentina;Austria;Bet365;4:3;126
Mo., 22. Juni;19:00;Argentina;Austria;Bet365;6:1;126
Mo., 22. Juni;19:00;Argentina;Austria;Bet365;2:4;151
Mo., 22. Juni;19:00;Argentina;Austria;Bet365;1:4;151
Mo., 22. Juni;19:00;Argentina;Austria;Bet365;0:4;201
Mo., 22. Juni;19:00;Argentina;Austria;Bet365;3:4;251
Mo., 22. Juni;19:00;Argentina;Austria;Bet365;6:2;251
Mo., 22. Juni;19:00;Argentina;Austria;Bet365;5:3;301
Mo., 22. Juni;19:00;Argentina;Austria;Bet365;7:0;301
Mo., 22. Juni;19:00;Argentina;Austria;Bet365;7:1;401
Mo., 22. Juni;19:00;Argentina;Austria;Bet365;4:4;451
Mo., 22. Juni;23:00;France;Iraq;Bet365;3:0;5,5
Mo., 22. Juni;23:00;France;Iraq;Bet365;2:0;6
Mo., 22. Juni;23:00;France;Iraq;Bet365;4:0;7
Mo., 22. Juni;23:00;France;Iraq;Bet365;1:0;9
Mo., 22. Juni;23:00;France;Iraq;Bet365;5:0;11
Mo., 22. Juni;23:00;France;Iraq;Bet365;3:1;15
Mo., 22. Juni;23:00;France;Iraq;Bet365;2:1;15
Mo., 22. Juni;23:00;France;Iraq;Bet365;6:0;19
Mo., 22. Juni;23:00;France;Iraq;Bet365;4:1;19
Mo., 22. Juni;23:00;France;Iraq;Bet365;0:0;21
Mo., 22. Juni;23:00;France;Iraq;Bet365;1:1;26
Mo., 22. Juni;23:00;France;Iraq;Bet365;5:1;29
Mo., 22. Juni;23:00;France;Iraq;Bet365;7:0;34
Mo., 22. Juni;23:00;France;Iraq;Bet365;0:1;41
Mo., 22. Juni;23:00;France;Iraq;Bet365;6:1;41
Mo., 22. Juni;23:00;France;Iraq;Bet365;3:2;51
Mo., 22. Juni;23:00;France;Iraq;Bet365;1:2;51
Mo., 22. Juni;23:00;France;Iraq;Bet365;2:2;67
Mo., 22. Juni;23:00;France;Iraq;Bet365;7:1;67
Mo., 22. Juni;23:00;France;Iraq;Bet365;8:0;67
Mo., 22. Juni;23:00;France;Iraq;Bet365;4:2;67
Mo., 22. Juni;23:00;France;Iraq;Bet365;5:2;81
Mo., 22. Juni;23:00;France;Iraq;Bet365;0:2;126
Mo., 22. Juni;23:00;France;Iraq;Bet365;6:2;126
Mo., 22. Juni;23:00;France;Iraq;Bet365;8:1;126
Mo., 22. Juni;23:00;France;Iraq;Bet365;9:0;126
Mo., 22. Juni;23:00;France;Iraq;Bet365;2:3;201
Mo., 22. Juni;23:00;France;Iraq;Bet365;7:2;251
Mo., 22. Juni;23:00;France;Iraq;Bet365;1:3;251
Mo., 22. Juni;23:00;France;Iraq;Bet365;3:3;301
Mo., 22. Juni;23:00;France;Iraq;Bet365;9:1;301
Mo., 22. Juni;23:00;France;Iraq;Bet365;4:3;351
Mo., 22. Juni;23:00;France;Iraq;Bet365;10:0;351
Mo., 22. Juni;23:00;France;Iraq;Bet365;0:3;501
Mo., 22. Juni;23:00;France;Iraq;Bet365;5:3;501
Di., 23. Juni;02:00;Norway;Senegal;Bet365;1:1;6,5
Di., 23. Juni;02:00;Norway;Senegal;Bet365;1:0;8,5
Di., 23. Juni;02:00;Norway;Senegal;Bet365;2:1;10
Di., 23. Juni;02:00;Norway;Senegal;Bet365;0:0;10
Di., 23. Juni;02:00;Norway;Senegal;Bet365;0:1;11
Di., 23. Juni;02:00;Norway;Senegal;Bet365;1:2;12
Di., 23. Juni;02:00;Norway;Senegal;Bet365;2:0;12
Di., 23. Juni;02:00;Norway;Senegal;Bet365;2:2;15
Di., 23. Juni;02:00;Norway;Senegal;Bet365;0:2;17
Di., 23. Juni;02:00;Norway;Senegal;Bet365;3:1;19
Di., 23. Juni;02:00;Norway;Senegal;Bet365;3:0;23
Di., 23. Juni;02:00;Norway;Senegal;Bet365;1:3;26
Di., 23. Juni;02:00;Norway;Senegal;Bet365;3:2;29
Di., 23. Juni;02:00;Norway;Senegal;Bet365;0:3;34
Di., 23. Juni;02:00;Norway;Senegal;Bet365;2:3;34
Di., 23. Juni;02:00;Norway;Senegal;Bet365;4:0;41
Di., 23. Juni;02:00;Norway;Senegal;Bet365;4:1;41
Di., 23. Juni;02:00;Norway;Senegal;Bet365;1:4;51
Di., 23. Juni;02:00;Norway;Senegal;Bet365;3:3;51
Di., 23. Juni;02:00;Norway;Senegal;Bet365;4:2;51
Di., 23. Juni;02:00;Norway;Senegal;Bet365;2:4;67
Di., 23. Juni;02:00;Norway;Senegal;Bet365;0:4;67
Di., 23. Juni;02:00;Norway;Senegal;Bet365;5:1;81
Di., 23. Juni;02:00;Norway;Senegal;Bet365;5:0;101
Di., 23. Juni;02:00;Norway;Senegal;Bet365;4:3;101
Di., 23. Juni;02:00;Norway;Senegal;Bet365;3:4;126
Di., 23. Juni;02:00;Norway;Senegal;Bet365;5:2;126
Di., 23. Juni;02:00;Norway;Senegal;Bet365;1:5;151
Di., 23. Juni;02:00;Norway;Senegal;Bet365;0:5;201
Di., 23. Juni;02:00;Norway;Senegal;Bet365;2:5;201
Di., 23. Juni;02:00;Norway;Senegal;Bet365;4:4;251
Di., 23. Juni;02:00;Norway;Senegal;Bet365;5:3;301
Di., 23. Juni;02:00;Norway;Senegal;Bet365;6:1;301
Di., 23. Juni;02:00;Norway;Senegal;Bet365;6:0;351
Di., 23. Juni;02:00;Norway;Senegal;Bet365;3:5;401
Di., 23. Juni;02:00;Norway;Senegal;Bet365;6:2;451
Di., 23. Juni;05:00;Jordan;Algeria;Bet365;0:1;7
Di., 23. Juni;05:00;Jordan;Algeria;Bet365;0:2;7
Di., 23. Juni;05:00;Jordan;Algeria;Bet365;1:1;8
Di., 23. Juni;05:00;Jordan;Algeria;Bet365;1:2;9
Di., 23. Juni;05:00;Jordan;Algeria;Bet365;0:0;10
Di., 23. Juni;05:00;Jordan;Algeria;Bet365;0:3;11
Di., 23. Juni;05:00;Jordan;Algeria;Bet365;1:3;13
Di., 23. Juni;05:00;Jordan;Algeria;Bet365;2:2;19
Di., 23. Juni;05:00;Jordan;Algeria;Bet365;1:0;19
Di., 23. Juni;05:00;Jordan;Algeria;Bet365;0:4;21
Di., 23. Juni;05:00;Jordan;Algeria;Bet365;2:1;23
Di., 23. Juni;05:00;Jordan;Algeria;Bet365;1:4;26
Di., 23. Juni;05:00;Jordan;Algeria;Bet365;2:3;29
Di., 23. Juni;05:00;Jordan;Algeria;Bet365;2:0;41
Di., 23. Juni;05:00;Jordan;Algeria;Bet365;0:5;41
Di., 23. Juni;05:00;Jordan;Algeria;Bet365;1:5;51
Di., 23. Juni;05:00;Jordan;Algeria;Bet365;2:4;51
Di., 23. Juni;05:00;Jordan;Algeria;Bet365;3:1;51
Di., 23. Juni;05:00;Jordan;Algeria;Bet365;3:2;51
Di., 23. Juni;05:00;Jordan;Algeria;Bet365;3:3;67
Di., 23. Juni;05:00;Jordan;Algeria;Bet365;3:0;81
Di., 23. Juni;05:00;Jordan;Algeria;Bet365;0:6;81
Di., 23. Juni;05:00;Jordan;Algeria;Bet365;2:5;81
Di., 23. Juni;05:00;Jordan;Algeria;Bet365;1:6;101
Di., 23. Juni;05:00;Jordan;Algeria;Bet365;3:4;126
Di., 23. Juni;05:00;Jordan;Algeria;Bet365;0:7;201
Di., 23. Juni;05:00;Jordan;Algeria;Bet365;4:1;201
Di., 23. Juni;05:00;Jordan;Algeria;Bet365;4:2;201
Di., 23. Juni;05:00;Jordan;Algeria;Bet365;2:6;201
Di., 23. Juni;05:00;Jordan;Algeria;Bet365;3:5;251
Di., 23. Juni;05:00;Jordan;Algeria;Bet365;4:3;301
Di., 23. Juni;05:00;Jordan;Algeria;Bet365;1:7;301
Di., 23. Juni;05:00;Jordan;Algeria;Bet365;4:0;351
Di., 23. Juni;05:00;Jordan;Algeria;Bet365;4:4;451
Di., 23. Juni;19:00;Portugal;Uzbekistan;Bet365;2:0;6,5
Di., 23. Juni;19:00;Portugal;Uzbekistan;Bet365;1:0;8
Di., 23. Juni;19:00;Portugal;Uzbekistan;Bet365;3:0;8
Di., 23. Juni;19:00;Portugal;Uzbekistan;Bet365;2:1;10
Di., 23. Juni;19:00;Portugal;Uzbekistan;Bet365;3:1;12
Di., 23. Juni;19:00;Portugal;Uzbekistan;Bet365;1:1;13
Di., 23. Juni;19:00;Portugal;Uzbekistan;Bet365;4:0;13
Di., 23. Juni;19:00;Portugal;Uzbekistan;Bet365;4:1;19
Di., 23. Juni;19:00;Portugal;Uzbekistan;Bet365;0:0;19
Di., 23. Juni;19:00;Portugal;Uzbekistan;Bet365;0:1;21
Di., 23. Juni;19:00;Portugal;Uzbekistan;Bet365;5:0;23
Di., 23. Juni;19:00;Portugal;Uzbekistan;Bet365;1:2;26
Di., 23. Juni;19:00;Portugal;Uzbekistan;Bet365;3:2;29
Di., 23. Juni;19:00;Portugal;Uzbekistan;Bet365;2:2;29
Di., 23. Juni;19:00;Portugal;Uzbekistan;Bet365;5:1;34
Di., 23. Juni;19:00;Portugal;Uzbekistan;Bet365;4:2;41
Di., 23. Juni;19:00;Portugal;Uzbekistan;Bet365;6:0;41
Di., 23. Juni;19:00;Portugal;Uzbekistan;Bet365;6:1;51
Di., 23. Juni;19:00;Portugal;Uzbekistan;Bet365;0:2;51
Di., 23. Juni;19:00;Portugal;Uzbekistan;Bet365;2:3;51
Di., 23. Juni;19:00;Portugal;Uzbekistan;Bet365;1:3;67
Di., 23. Juni;19:00;Portugal;Uzbekistan;Bet365;5:2;67
Di., 23. Juni;19:00;Portugal;Uzbekistan;Bet365;7:0;81
Di., 23. Juni;19:00;Portugal;Uzbekistan;Bet365;3:3;81
Di., 23. Juni;19:00;Portugal;Uzbekistan;Bet365;4:3;101
Di., 23. Juni;19:00;Portugal;Uzbekistan;Bet365;6:2;101
Di., 23. Juni;19:00;Portugal;Uzbekistan;Bet365;7:1;101
Di., 23. Juni;19:00;Portugal;Uzbekistan;Bet365;0:3;126
Di., 23. Juni;19:00;Portugal;Uzbekistan;Bet365;2:4;201
Di., 23. Juni;19:00;Portugal;Uzbekistan;Bet365;8:0;201
Di., 23. Juni;19:00;Portugal;Uzbekistan;Bet365;5:3;201
Di., 23. Juni;19:00;Portugal;Uzbekistan;Bet365;1:4;251
Di., 23. Juni;19:00;Portugal;Uzbekistan;Bet365;3:4;251
Di., 23. Juni;19:00;Portugal;Uzbekistan;Bet365;7:2;251
Di., 23. Juni;19:00;Portugal;Uzbekistan;Bet365;8:1;301
Di., 23. Juni;19:00;Portugal;Uzbekistan;Bet365;6:3;401
Di., 23. Juni;19:00;Portugal;Uzbekistan;Bet365;4:4;501
Di., 23. Juni;22:00;England;Ghana;Bet365;2:0;6,5
Di., 23. Juni;22:00;England;Ghana;Bet365;1:0;7,5
Di., 23. Juni;22:00;England;Ghana;Bet365;3:0;8,5
Di., 23. Juni;22:00;England;Ghana;Bet365;2:1;10
Di., 23. Juni;22:00;England;Ghana;Bet365;1:1;10
Di., 23. Juni;22:00;England;Ghana;Bet365;0:0;12
Di., 23. Juni;22:00;England;Ghana;Bet365;3:1;12
Di., 23. Juni;22:00;England;Ghana;Bet365;4:0;15
Di., 23. Juni;22:00;England;Ghana;Bet365;0:1;21
Di., 23. Juni;22:00;England;Ghana;Bet365;4:1;21
Di., 23. Juni;22:00;England;Ghana;Bet365;2:2;23
Di., 23. Juni;22:00;England;Ghana;Bet365;1:2;26
Di., 23. Juni;22:00;England;Ghana;Bet365;5:0;29
Di., 23. Juni;22:00;England;Ghana;Bet365;3:2;34
Di., 23. Juni;22:00;England;Ghana;Bet365;0:2;41
Di., 23. Juni;22:00;England;Ghana;Bet365;4:2;41
Di., 23. Juni;22:00;England;Ghana;Bet365;5:1;41
Di., 23. Juni;22:00;England;Ghana;Bet365;6:0;51
Di., 23. Juni;22:00;England;Ghana;Bet365;5:2;67
Di., 23. Juni;22:00;England;Ghana;Bet365;1:3;67
Di., 23. Juni;22:00;England;Ghana;Bet365;2:3;67
Di., 23. Juni;22:00;England;Ghana;Bet365;6:1;67
Di., 23. Juni;22:00;England;Ghana;Bet365;3:3;81
Di., 23. Juni;22:00;England;Ghana;Bet365;7:0;101
Di., 23. Juni;22:00;England;Ghana;Bet365;0:3;126
Di., 23. Juni;22:00;England;Ghana;Bet365;4:3;126
Di., 23. Juni;22:00;England;Ghana;Bet365;6:2;151
Di., 23. Juni;22:00;England;Ghana;Bet365;7:1;151
Di., 23. Juni;22:00;England;Ghana;Bet365;2:4;251
Di., 23. Juni;22:00;England;Ghana;Bet365;5:3;251
Di., 23. Juni;22:00;England;Ghana;Bet365;1:4;301
Di., 23. Juni;22:00;England;Ghana;Bet365;8:0;301
Di., 23. Juni;22:00;England;Ghana;Bet365;3:4;351
Di., 23. Juni;22:00;England;Ghana;Bet365;7:2;401
Di., 23. Juni;22:00;England;Ghana;Bet365;8:1;451
Di., 23. Juni;22:00;England;Ghana;Bet365;4:4;501
Di., 23. Juni;22:00;England;Ghana;Bet365;6:3;501
Mi., 24. Juni;01:00;Panama;Croatia;Bet365;0:1;6
Mi., 24. Juni;01:00;Panama;Croatia;Bet365;0:2;7
Mi., 24. Juni;01:00;Panama;Croatia;Bet365;1:1;8
Mi., 24. Juni;01:00;Panama;Croatia;Bet365;1:2;9
Mi., 24. Juni;01:00;Panama;Croatia;Bet365;0:0;9,5
Mi., 24. Juni;01:00;Panama;Croatia;Bet365;0:3;11
Mi., 24. Juni;01:00;Panama;Croatia;Bet365;1:0;13
Mi., 24. Juni;01:00;Panama;Croatia;Bet365;1:3;15
Mi., 24. Juni;01:00;Panama;Croatia;Bet365;2:1;21
Mi., 24. Juni;01:00;Panama;Croatia;Bet365;0:4;23
Mi., 24. Juni;01:00;Panama;Croatia;Bet365;2:2;23
Mi., 24. Juni;01:00;Panama;Croatia;Bet365;1:4;29
Mi., 24. Juni;01:00;Panama;Croatia;Bet365;2:0;34
Mi., 24. Juni;01:00;Panama;Croatia;Bet365;2:3;34
Mi., 24. Juni;01:00;Panama;Croatia;Bet365;0:5;41
Mi., 24. Juni;01:00;Panama;Croatia;Bet365;1:5;51
Mi., 24. Juni;01:00;Panama;Croatia;Bet365;2:4;51
Mi., 24. Juni;01:00;Panama;Croatia;Bet365;3:1;51
Mi., 24. Juni;01:00;Panama;Croatia;Bet365;3:2;51
Mi., 24. Juni;01:00;Panama;Croatia;Bet365;3:0;81
Mi., 24. Juni;01:00;Panama;Croatia;Bet365;3:3;81
Mi., 24. Juni;01:00;Panama;Croatia;Bet365;2:5;101
Mi., 24. Juni;01:00;Panama;Croatia;Bet365;0:6;101
Mi., 24. Juni;01:00;Panama;Croatia;Bet365;1:6;126
Mi., 24. Juni;01:00;Panama;Croatia;Bet365;3:4;151
Mi., 24. Juni;01:00;Panama;Croatia;Bet365;4:1;151
Mi., 24. Juni;01:00;Panama;Croatia;Bet365;4:2;201
Mi., 24. Juni;01:00;Panama;Croatia;Bet365;4:3;301
Mi., 24. Juni;01:00;Panama;Croatia;Bet365;2:6;301
Mi., 24. Juni;01:00;Panama;Croatia;Bet365;0:7;301
Mi., 24. Juni;01:00;Panama;Croatia;Bet365;4:0;301
Mi., 24. Juni;01:00;Panama;Croatia;Bet365;3:5;351
Mi., 24. Juni;01:00;Panama;Croatia;Bet365;1:7;401
Mi., 24. Juni;04:00;Colombia;Congo DR;Bet365;1:0;5,5
Mi., 24. Juni;04:00;Colombia;Congo DR;Bet365;2:0;6
Mi., 24. Juni;04:00;Colombia;Congo DR;Bet365;1:1;9
Mi., 24. Juni;04:00;Colombia;Congo DR;Bet365;0:0;9
Mi., 24. Juni;04:00;Colombia;Congo DR;Bet365;2:1;9,5
Mi., 24. Juni;04:00;Colombia;Congo DR;Bet365;3:0;10
Mi., 24. Juni;04:00;Colombia;Congo DR;Bet365;0:1;13
Mi., 24. Juni;04:00;Colombia;Congo DR;Bet365;3:1;15
Mi., 24. Juni;04:00;Colombia;Congo DR;Bet365;4:0;21
Mi., 24. Juni;04:00;Colombia;Congo DR;Bet365;1:2;23
Mi., 24. Juni;04:00;Colombia;Congo DR;Bet365;2:2;29
Mi., 24. Juni;04:00;Colombia;Congo DR;Bet365;4:1;29
Mi., 24. Juni;04:00;Colombia;Congo DR;Bet365;0:2;34
Mi., 24. Juni;04:00;Colombia;Congo DR;Bet365;3:2;41
Mi., 24. Juni;04:00;Colombia;Congo DR;Bet365;5:0;41
Mi., 24. Juni;04:00;Colombia;Congo DR;Bet365;5:1;51
Mi., 24. Juni;04:00;Colombia;Congo DR;Bet365;4:2;67
Mi., 24. Juni;04:00;Colombia;Congo DR;Bet365;1:3;67
Mi., 24. Juni;04:00;Colombia;Congo DR;Bet365;2:3;67
Mi., 24. Juni;04:00;Colombia;Congo DR;Bet365;6:0;81
Mi., 24. Juni;04:00;Colombia;Congo DR;Bet365;3:3;101
Mi., 24. Juni;04:00;Colombia;Congo DR;Bet365;0:3;101
Mi., 24. Juni;04:00;Colombia;Congo DR;Bet365;5:2;126
Mi., 24. Juni;04:00;Colombia;Congo DR;Bet365;6:1;126
Mi., 24. Juni;04:00;Colombia;Congo DR;Bet365;4:3;201
Mi., 24. Juni;04:00;Colombia;Congo DR;Bet365;7:0;251
Mi., 24. Juni;04:00;Colombia;Congo DR;Bet365;1:4;251
Mi., 24. Juni;04:00;Colombia;Congo DR;Bet365;2:4;301
Mi., 24. Juni;04:00;Colombia;Congo DR;Bet365;6:2;351
Mi., 24. Juni;04:00;Colombia;Congo DR;Bet365;7:1;401
Mi., 24. Juni;04:00;Colombia;Congo DR;Bet365;0:4;451
Mi., 24. Juni;04:00;Colombia;Congo DR;Bet365;3:4;451
Mi., 24. Juni;04:00;Colombia;Congo DR;Bet365;5:3;501
Mi., 24. Juni;21:00;Switzerland;Canada;Bet365;1:1;6,5
Mi., 24. Juni;21:00;Switzerland;Canada;Bet365;1:0;7,5
Mi., 24. Juni;21:00;Switzerland;Canada;Bet365;0:0;9
Mi., 24. Juni;21:00;Switzerland;Canada;Bet365;2:1;9,5
Mi., 24. Juni;21:00;Switzerland;Canada;Bet365;0:1;10
Mi., 24. Juni;21:00;Switzerland;Canada;Bet365;2:0;10
Mi., 24. Juni;21:00;Switzerland;Canada;Bet365;1:2;13
Mi., 24. Juni;21:00;Switzerland;Canada;Bet365;2:2;17
Mi., 24. Juni;21:00;Switzerland;Canada;Bet365;0:2;19
Mi., 24. Juni;21:00;Switzerland;Canada;Bet365;3:1;19
Mi., 24. Juni;21:00;Switzerland;Canada;Bet365;3:0;21
Mi., 24. Juni;21:00;Switzerland;Canada;Bet365;1:3;34
Mi., 24. Juni;21:00;Switzerland;Canada;Bet365;3:2;34
Mi., 24. Juni;21:00;Switzerland;Canada;Bet365;0:3;41
Mi., 24. Juni;21:00;Switzerland;Canada;Bet365;2:3;41
Mi., 24. Juni;21:00;Switzerland;Canada;Bet365;4:0;41
Mi., 24. Juni;21:00;Switzerland;Canada;Bet365;4:1;41
Mi., 24. Juni;21:00;Switzerland;Canada;Bet365;3:3;51
Mi., 24. Juni;21:00;Switzerland;Canada;Bet365;4:2;51
Mi., 24. Juni;21:00;Switzerland;Canada;Bet365;1:4;67
Mi., 24. Juni;21:00;Switzerland;Canada;Bet365;2:4;81
Mi., 24. Juni;21:00;Switzerland;Canada;Bet365;5:1;81
Mi., 24. Juni;21:00;Switzerland;Canada;Bet365;0:4;101
Mi., 24. Juni;21:00;Switzerland;Canada;Bet365;5:0;101
Mi., 24. Juni;21:00;Switzerland;Canada;Bet365;4:3;126
Mi., 24. Juni;21:00;Switzerland;Canada;Bet365;3:4;151
Mi., 24. Juni;21:00;Switzerland;Canada;Bet365;5:2;151
Mi., 24. Juni;21:00;Switzerland;Canada;Bet365;1:5;251
Mi., 24. Juni;21:00;Switzerland;Canada;Bet365;2:5;301
Mi., 24. Juni;21:00;Switzerland;Canada;Bet365;6:0;301
Mi., 24. Juni;21:00;Switzerland;Canada;Bet365;6:1;301
Mi., 24. Juni;21:00;Switzerland;Canada;Bet365;0:5;351
Mi., 24. Juni;21:00;Switzerland;Canada;Bet365;4:4;351
Mi., 24. Juni;21:00;Switzerland;Canada;Bet365;5:3;351
Mi., 24. Juni;21:00;Switzerland;Canada;Bet365;6:2;501
Mi., 24. Juni;21:00;Bosnia and Herzegovina;Qatar;Bet365;1:0;6,5
Mi., 24. Juni;21:00;Bosnia and Herzegovina;Qatar;Bet365;2:0;7
Mi., 24. Juni;21:00;Bosnia and Herzegovina;Qatar;Bet365;1:1;7,5
Mi., 24. Juni;21:00;Bosnia and Herzegovina;Qatar;Bet365;2:1;9
Mi., 24. Juni;21:00;Bosnia and Herzegovina;Qatar;Bet365;0:0;9
Mi., 24. Juni;21:00;Bosnia and Herzegovina;Qatar;Bet365;3:0;12
Mi., 24. Juni;21:00;Bosnia and Herzegovina;Qatar;Bet365;3:1;15
Mi., 24. Juni;21:00;Bosnia and Herzegovina;Qatar;Bet365;0:1;15
Mi., 24. Juni;21:00;Bosnia and Herzegovina;Qatar;Bet365;1:2;21
Mi., 24. Juni;21:00;Bosnia and Herzegovina;Qatar;Bet365;2:2;21
Mi., 24. Juni;21:00;Bosnia and Herzegovina;Qatar;Bet365;4:0;23
Mi., 24. Juni;21:00;Bosnia and Herzegovina;Qatar;Bet365;4:1;29
Mi., 24. Juni;21:00;Bosnia and Herzegovina;Qatar;Bet365;3:2;34
Mi., 24. Juni;21:00;Bosnia and Herzegovina;Qatar;Bet365;0:2;34
Mi., 24. Juni;21:00;Bosnia and Herzegovina;Qatar;Bet365;4:2;51
Mi., 24. Juni;21:00;Bosnia and Herzegovina;Qatar;Bet365;5:1;51
Mi., 24. Juni;21:00;Bosnia and Herzegovina;Qatar;Bet365;1:3;51
Mi., 24. Juni;21:00;Bosnia and Herzegovina;Qatar;Bet365;2:3;51
Mi., 24. Juni;21:00;Bosnia and Herzegovina;Qatar;Bet365;5:0;51
Mi., 24. Juni;21:00;Bosnia and Herzegovina;Qatar;Bet365;0:3;67
Mi., 24. Juni;21:00;Bosnia and Herzegovina;Qatar;Bet365;3:3;67
Mi., 24. Juni;21:00;Bosnia and Herzegovina;Qatar;Bet365;5:2;101
Mi., 24. Juni;21:00;Bosnia and Herzegovina;Qatar;Bet365;6:0;101
Mi., 24. Juni;21:00;Bosnia and Herzegovina;Qatar;Bet365;6:1;126
Mi., 24. Juni;21:00;Bosnia and Herzegovina;Qatar;Bet365;4:3;151
Mi., 24. Juni;21:00;Bosnia and Herzegovina;Qatar;Bet365;1:4;151
Mi., 24. Juni;21:00;Bosnia and Herzegovina;Qatar;Bet365;2:4;201
Mi., 24. Juni;21:00;Bosnia and Herzegovina;Qatar;Bet365;0:4;251
Mi., 24. Juni;21:00;Bosnia and Herzegovina;Qatar;Bet365;3:4;301
Mi., 24. Juni;21:00;Bosnia and Herzegovina;Qatar;Bet365;6:2;301
Mi., 24. Juni;21:00;Bosnia and Herzegovina;Qatar;Bet365;5:3;351
Mi., 24. Juni;21:00;Bosnia and Herzegovina;Qatar;Bet365;7:0;351
Mi., 24. Juni;21:00;Bosnia and Herzegovina;Qatar;Bet365;7:1;451
Mi., 24. Juni;21:00;Bosnia and Herzegovina;Qatar;Bet365;4:4;501
Do., 25. Juni;00:00;Scotland;Brazil;Bet365;0:1;7
Do., 25. Juni;00:00;Scotland;Brazil;Bet365;0:2;7
Do., 25. Juni;00:00;Scotland;Brazil;Bet365;1:1;9
Do., 25. Juni;00:00;Scotland;Brazil;Bet365;1:2;9
Do., 25. Juni;00:00;Scotland;Brazil;Bet365;0:3;10
Do., 25. Juni;00:00;Scotland;Brazil;Bet365;0:0;12
Do., 25. Juni;00:00;Scotland;Brazil;Bet365;1:3;13
Do., 25. Juni;00:00;Scotland;Brazil;Bet365;1:0;17
Do., 25. Juni;00:00;Scotland;Brazil;Bet365;0:4;19
Do., 25. Juni;00:00;Scotland;Brazil;Bet365;2:1;21
Do., 25. Juni;00:00;Scotland;Brazil;Bet365;1:4;23
Do., 25. Juni;00:00;Scotland;Brazil;Bet365;2:2;23
Do., 25. Juni;00:00;Scotland;Brazil;Bet365;2:3;29
Do., 25. Juni;00:00;Scotland;Brazil;Bet365;1:5;41
Do., 25. Juni;00:00;Scotland;Brazil;Bet365;2:0;41
Do., 25. Juni;00:00;Scotland;Brazil;Bet365;0:5;41
Do., 25. Juni;00:00;Scotland;Brazil;Bet365;3:2;51
Do., 25. Juni;00:00;Scotland;Brazil;Bet365;2:4;51
Do., 25. Juni;00:00;Scotland;Brazil;Bet365;3:1;51
Do., 25. Juni;00:00;Scotland;Brazil;Bet365;0:6;67
Do., 25. Juni;00:00;Scotland;Brazil;Bet365;3:3;67
Do., 25. Juni;00:00;Scotland;Brazil;Bet365;2:5;81
Do., 25. Juni;00:00;Scotland;Brazil;Bet365;3:0;81
Do., 25. Juni;00:00;Scotland;Brazil;Bet365;1:6;81
Do., 25. Juni;00:00;Scotland;Brazil;Bet365;3:4;126
Do., 25. Juni;00:00;Scotland;Brazil;Bet365;0:7;151
Do., 25. Juni;00:00;Scotland;Brazil;Bet365;4:1;201
Do., 25. Juni;00:00;Scotland;Brazil;Bet365;4:2;201
Do., 25. Juni;00:00;Scotland;Brazil;Bet365;2:6;201
Do., 25. Juni;00:00;Scotland;Brazil;Bet365;3:5;251
Do., 25. Juni;00:00;Scotland;Brazil;Bet365;1:7;251
Do., 25. Juni;00:00;Scotland;Brazil;Bet365;4:3;251
Do., 25. Juni;00:00;Scotland;Brazil;Bet365;4:0;351
Do., 25. Juni;00:00;Scotland;Brazil;Bet365;2:7;501
Do., 25. Juni;00:00;Scotland;Brazil;Bet365;4:4;501
Do., 25. Juni;00:00;Morocco;Haiti;Bet365;2:0;6,5
Do., 25. Juni;00:00;Morocco;Haiti;Bet365;1:0;7,5
Do., 25. Juni;00:00;Morocco;Haiti;Bet365;3:0;8
Do., 25. Juni;00:00;Morocco;Haiti;Bet365;2:1;9,5
Do., 25. Juni;00:00;Morocco;Haiti;Bet365;1:1;11
Do., 25. Juni;00:00;Morocco;Haiti;Bet365;3:1;12
Do., 25. Juni;00:00;Morocco;Haiti;Bet365;4:0;13
Do., 25. Juni;00:00;Morocco;Haiti;Bet365;0:0;15
Do., 25. Juni;00:00;Morocco;Haiti;Bet365;4:1;21
Do., 25. Juni;00:00;Morocco;Haiti;Bet365;0:1;21
Do., 25. Juni;00:00;Morocco;Haiti;Bet365;5:0;26
Do., 25. Juni;00:00;Morocco;Haiti;Bet365;2:2;26
Do., 25. Juni;00:00;Morocco;Haiti;Bet365;1:2;26
Do., 25. Juni;00:00;Morocco;Haiti;Bet365;3:2;34
Do., 25. Juni;00:00;Morocco;Haiti;Bet365;0:2;41
Do., 25. Juni;00:00;Morocco;Haiti;Bet365;4:2;41
Do., 25. Juni;00:00;Morocco;Haiti;Bet365;5:1;41
Do., 25. Juni;00:00;Morocco;Haiti;Bet365;6:0;51
Do., 25. Juni;00:00;Morocco;Haiti;Bet365;6:1;67
Do., 25. Juni;00:00;Morocco;Haiti;Bet365;1:3;67
Do., 25. Juni;00:00;Morocco;Haiti;Bet365;2:3;67
Do., 25. Juni;00:00;Morocco;Haiti;Bet365;5:2;67
Do., 25. Juni;00:00;Morocco;Haiti;Bet365;3:3;81
Do., 25. Juni;00:00;Morocco;Haiti;Bet365;7:0;101
Do., 25. Juni;00:00;Morocco;Haiti;Bet365;4:3;126
Do., 25. Juni;00:00;Morocco;Haiti;Bet365;0:3;126
Do., 25. Juni;00:00;Morocco;Haiti;Bet365;7:1;151
Do., 25. Juni;00:00;Morocco;Haiti;Bet365;6:2;151
Do., 25. Juni;00:00;Morocco;Haiti;Bet365;5:3;201
Do., 25. Juni;00:00;Morocco;Haiti;Bet365;8:0;251
Do., 25. Juni;00:00;Morocco;Haiti;Bet365;2:4;251
Do., 25. Juni;00:00;Morocco;Haiti;Bet365;3:4;301
Do., 25. Juni;00:00;Morocco;Haiti;Bet365;1:4;301
Do., 25. Juni;00:00;Morocco;Haiti;Bet365;7:2;351
Do., 25. Juni;00:00;Morocco;Haiti;Bet365;8:1;401
Do., 25. Juni;00:00;Morocco;Haiti;Bet365;6:3;501
Do., 25. Juni;00:00;Morocco;Haiti;Bet365;4:4;501
Do., 25. Juni;03:00;Czechia;Mexico;Bet365;0:1;6,5
Do., 25. Juni;03:00;Czechia;Mexico;Bet365;1:1;7
Do., 25. Juni;03:00;Czechia;Mexico;Bet365;0:2;8
Do., 25. Juni;03:00;Czechia;Mexico;Bet365;0:0;8,5
Do., 25. Juni;03:00;Czechia;Mexico;Bet365;1:2;9,5
Do., 25. Juni;03:00;Czechia;Mexico;Bet365;1:0;12
Do., 25. Juni;03:00;Czechia;Mexico;Bet365;0:3;15
Do., 25. Juni;03:00;Czechia;Mexico;Bet365;1:3;17
Do., 25. Juni;03:00;Czechia;Mexico;Bet365;2:1;17
Do., 25. Juni;03:00;Czechia;Mexico;Bet365;2:2;19
Do., 25. Juni;03:00;Czechia;Mexico;Bet365;2:0;23
Do., 25. Juni;03:00;Czechia;Mexico;Bet365;2:3;34
Do., 25. Juni;03:00;Czechia;Mexico;Bet365;0:4;34
Do., 25. Juni;03:00;Czechia;Mexico;Bet365;1:4;34
Do., 25. Juni;03:00;Czechia;Mexico;Bet365;3:1;41
Do., 25. Juni;03:00;Czechia;Mexico;Bet365;2:4;51
Do., 25. Juni;03:00;Czechia;Mexico;Bet365;3:0;51
Do., 25. Juni;03:00;Czechia;Mexico;Bet365;3:2;51
Do., 25. Juni;03:00;Czechia;Mexico;Bet365;0:5;67
Do., 25. Juni;03:00;Czechia;Mexico;Bet365;1:5;67
Do., 25. Juni;03:00;Czechia;Mexico;Bet365;3:3;67
Do., 25. Juni;03:00;Czechia;Mexico;Bet365;4:1;101
Do., 25. Juni;03:00;Czechia;Mexico;Bet365;2:5;126
Do., 25. Juni;03:00;Czechia;Mexico;Bet365;3:4;126
Do., 25. Juni;03:00;Czechia;Mexico;Bet365;4:2;126
Do., 25. Juni;03:00;Czechia;Mexico;Bet365;4:0;151
Do., 25. Juni;03:00;Czechia;Mexico;Bet365;0:6;151
Do., 25. Juni;03:00;Czechia;Mexico;Bet365;1:6;201
Do., 25. Juni;03:00;Czechia;Mexico;Bet365;4:3;201
Do., 25. Juni;03:00;Czechia;Mexico;Bet365;3:5;351
Do., 25. Juni;03:00;Czechia;Mexico;Bet365;2:6;401
Do., 25. Juni;03:00;Czechia;Mexico;Bet365;4:4;451
Do., 25. Juni;03:00;Czechia;Mexico;Bet365;5:1;501
Do., 25. Juni;03:00;South Africa;Korea Republic;Bet365;0:1;6,5
Do., 25. Juni;03:00;South Africa;Korea Republic;Bet365;0:2;7
Do., 25. Juni;03:00;South Africa;Korea Republic;Bet365;1:1;8
Do., 25. Juni;03:00;South Africa;Korea Republic;Bet365;1:2;9
Do., 25. Juni;03:00;South Africa;Korea Republic;Bet365;0:0;9,5
Do., 25. Juni;03:00;South Africa;Korea Republic;Bet365;0:3;12
Do., 25. Juni;03:00;South Africa;Korea Republic;Bet365;1:0;13
Do., 25. Juni;03:00;South Africa;Korea Republic;Bet365;1:3;15
Do., 25. Juni;03:00;South Africa;Korea Republic;Bet365;2:1;19
Do., 25. Juni;03:00;South Africa;Korea Republic;Bet365;2:2;21
Do., 25. Juni;03:00;South Africa;Korea Republic;Bet365;0:4;23
Do., 25. Juni;03:00;South Africa;Korea Republic;Bet365;2:0;29
Do., 25. Juni;03:00;South Africa;Korea Republic;Bet365;1:4;29
Do., 25. Juni;03:00;South Africa;Korea Republic;Bet365;2:3;34
Do., 25. Juni;03:00;South Africa;Korea Republic;Bet365;2:4;51
Do., 25. Juni;03:00;South Africa;Korea Republic;Bet365;0:5;51
Do., 25. Juni;03:00;South Africa;Korea Republic;Bet365;3:2;51
Do., 25. Juni;03:00;South Africa;Korea Republic;Bet365;1:5;51
Do., 25. Juni;03:00;South Africa;Korea Republic;Bet365;3:1;51
Do., 25. Juni;03:00;South Africa;Korea Republic;Bet365;3:0;67
Do., 25. Juni;03:00;South Africa;Korea Republic;Bet365;3:3;81
Do., 25. Juni;03:00;South Africa;Korea Republic;Bet365;0:6;101
Do., 25. Juni;03:00;South Africa;Korea Republic;Bet365;2:5;101
Do., 25. Juni;03:00;South Africa;Korea Republic;Bet365;1:6;126
Do., 25. Juni;03:00;South Africa;Korea Republic;Bet365;3:4;126
Do., 25. Juni;03:00;South Africa;Korea Republic;Bet365;4:2;151
Do., 25. Juni;03:00;South Africa;Korea Republic;Bet365;4:1;151
Do., 25. Juni;03:00;South Africa;Korea Republic;Bet365;4:0;251
Do., 25. Juni;03:00;South Africa;Korea Republic;Bet365;4:3;251
Do., 25. Juni;03:00;South Africa;Korea Republic;Bet365;2:6;301
Do., 25. Juni;03:00;South Africa;Korea Republic;Bet365;0:7;351
Do., 25. Juni;03:00;South Africa;Korea Republic;Bet365;3:5;351
Do., 25. Juni;03:00;South Africa;Korea Republic;Bet365;1:7;451
Do., 25. Juni;03:00;South Africa;Korea Republic;Bet365;4:4;501
Do., 25. Juni;22:00;Ecuador;Germany;Bet365;1:1;7
Do., 25. Juni;22:00;Ecuador;Germany;Bet365;0:1;7,5
Do., 25. Juni;22:00;Ecuador;Germany;Bet365;0:2;8,5
Do., 25. Juni;22:00;Ecuador;Germany;Bet365;1:2;9
Do., 25. Juni;22:00;Ecuador;Germany;Bet365;0:0;10
Do., 25. Juni;22:00;Ecuador;Germany;Bet365;0:3;13
Do., 25. Juni;22:00;Ecuador;Germany;Bet365;1:0;15
Do., 25. Juni;22:00;Ecuador;Germany;Bet365;1:3;15
Do., 25. Juni;22:00;Ecuador;Germany;Bet365;2:1;17
Do., 25. Juni;22:00;Ecuador;Germany;Bet365;2:2;17
Do., 25. Juni;22:00;Ecuador;Germany;Bet365;1:4;29
Do., 25. Juni;22:00;Ecuador;Germany;Bet365;2:3;29
Do., 25. Juni;22:00;Ecuador;Germany;Bet365;0:4;29
Do., 25. Juni;22:00;Ecuador;Germany;Bet365;2:0;29
Do., 25. Juni;22:00;Ecuador;Germany;Bet365;3:1;41
Do., 25. Juni;22:00;Ecuador;Germany;Bet365;3:2;41
Do., 25. Juni;22:00;Ecuador;Germany;Bet365;3:0;51
Do., 25. Juni;22:00;Ecuador;Germany;Bet365;3:3;51
Do., 25. Juni;22:00;Ecuador;Germany;Bet365;0:5;51
Do., 25. Juni;22:00;Ecuador;Germany;Bet365;1:5;51
Do., 25. Juni;22:00;Ecuador;Germany;Bet365;2:4;51
Do., 25. Juni;22:00;Ecuador;Germany;Bet365;2:5;81
Do., 25. Juni;22:00;Ecuador;Germany;Bet365;4:1;101
Do., 25. Juni;22:00;Ecuador;Germany;Bet365;3:4;101
Do., 25. Juni;22:00;Ecuador;Germany;Bet365;4:2;101
Do., 25. Juni;22:00;Ecuador;Germany;Bet365;1:6;126
Do., 25. Juni;22:00;Ecuador;Germany;Bet365;0:6;126
Do., 25. Juni;22:00;Ecuador;Germany;Bet365;4:0;151
Do., 25. Juni;22:00;Ecuador;Germany;Bet365;4:3;151
Do., 25. Juni;22:00;Ecuador;Germany;Bet365;2:6;251
Do., 25. Juni;22:00;Ecuador;Germany;Bet365;3:5;251
Do., 25. Juni;22:00;Ecuador;Germany;Bet365;4:4;301
Do., 25. Juni;22:00;Ecuador;Germany;Bet365;5:1;401
Do., 25. Juni;22:00;Ecuador;Germany;Bet365;0:7;401
Do., 25. Juni;22:00;Ecuador;Germany;Bet365;1:7;401
Do., 25. Juni;22:00;Ecuador;Germany;Bet365;5:2;451
Do., 25. Juni;22:00;Curacao;Ivory Coast;Bet365;0:2;5,5
Do., 25. Juni;22:00;Curacao;Ivory Coast;Bet365;0:3;6
Do., 25. Juni;22:00;Curacao;Ivory Coast;Bet365;0:1;8
Do., 25. Juni;22:00;Curacao;Ivory Coast;Bet365;0:4;8,5
Do., 25. Juni;22:00;Curacao;Ivory Coast;Bet365;1:3;13
Do., 25. Juni;22:00;Curacao;Ivory Coast;Bet365;1:2;13
Do., 25. Juni;22:00;Curacao;Ivory Coast;Bet365;0:5;15
Do., 25. Juni;22:00;Curacao;Ivory Coast;Bet365;1:1;17
Do., 25. Juni;22:00;Curacao;Ivory Coast;Bet365;0:0;17
Do., 25. Juni;22:00;Curacao;Ivory Coast;Bet365;1:4;19
Do., 25. Juni;22:00;Curacao;Ivory Coast;Bet365;0:6;29
Do., 25. Juni;22:00;Curacao;Ivory Coast;Bet365;1:5;29
Do., 25. Juni;22:00;Curacao;Ivory Coast;Bet365;1:0;34
Do., 25. Juni;22:00;Curacao;Ivory Coast;Bet365;2:3;41
Do., 25. Juni;22:00;Curacao;Ivory Coast;Bet365;2:1;41
Do., 25. Juni;22:00;Curacao;Ivory Coast;Bet365;2:2;41
Do., 25. Juni;22:00;Curacao;Ivory Coast;Bet365;1:6;51
Do., 25. Juni;22:00;Curacao;Ivory Coast;Bet365;2:4;51
Do., 25. Juni;22:00;Curacao;Ivory Coast;Bet365;0:7;51
Do., 25. Juni;22:00;Curacao;Ivory Coast;Bet365;2:5;81
Do., 25. Juni;22:00;Curacao;Ivory Coast;Bet365;1:7;81
Do., 25. Juni;22:00;Curacao;Ivory Coast;Bet365;2:0;81
Do., 25. Juni;22:00;Curacao;Ivory Coast;Bet365;0:8;101
Do., 25. Juni;22:00;Curacao;Ivory Coast;Bet365;2:6;126
Do., 25. Juni;22:00;Curacao;Ivory Coast;Bet365;3:2;126
Do., 25. Juni;22:00;Curacao;Ivory Coast;Bet365;3:3;151
Do., 25. Juni;22:00;Curacao;Ivory Coast;Bet365;3:1;151
Do., 25. Juni;22:00;Curacao;Ivory Coast;Bet365;3:4;201
Do., 25. Juni;22:00;Curacao;Ivory Coast;Bet365;1:8;201
Do., 25. Juni;22:00;Curacao;Ivory Coast;Bet365;0:9;251
Do., 25. Juni;22:00;Curacao;Ivory Coast;Bet365;2:7;301
Do., 25. Juni;22:00;Curacao;Ivory Coast;Bet365;3:5;351
Do., 25. Juni;22:00;Curacao;Ivory Coast;Bet365;3:0;401
Do., 25. Juni;22:00;Curacao;Ivory Coast;Bet365;1:9;501
Fr., 26. Juni;01:00;Tunisia;Netherlands;Bet365;0:2;6,5
Fr., 26. Juni;01:00;Tunisia;Netherlands;Bet365;0:1;7,5
Fr., 26. Juni;01:00;Tunisia;Netherlands;Bet365;0:3;8,5
Fr., 26. Juni;01:00;Tunisia;Netherlands;Bet365;1:1;10
Fr., 26. Juni;01:00;Tunisia;Netherlands;Bet365;1:2;10
Fr., 26. Juni;01:00;Tunisia;Netherlands;Bet365;0:0;12
Fr., 26. Juni;01:00;Tunisia;Netherlands;Bet365;1:3;12
Fr., 26. Juni;01:00;Tunisia;Netherlands;Bet365;0:4;15
Fr., 26. Juni;01:00;Tunisia;Netherlands;Bet365;1:4;21
Fr., 26. Juni;01:00;Tunisia;Netherlands;Bet365;1:0;21
Fr., 26. Juni;01:00;Tunisia;Netherlands;Bet365;2:2;23
Fr., 26. Juni;01:00;Tunisia;Netherlands;Bet365;0:5;29
Fr., 26. Juni;01:00;Tunisia;Netherlands;Bet365;2:1;29
Fr., 26. Juni;01:00;Tunisia;Netherlands;Bet365;2:3;34
Fr., 26. Juni;01:00;Tunisia;Netherlands;Bet365;1:5;41
Fr., 26. Juni;01:00;Tunisia;Netherlands;Bet365;2:4;41
Fr., 26. Juni;01:00;Tunisia;Netherlands;Bet365;0:6;51
Fr., 26. Juni;01:00;Tunisia;Netherlands;Bet365;2:0;51
Fr., 26. Juni;01:00;Tunisia;Netherlands;Bet365;1:6;67
Fr., 26. Juni;01:00;Tunisia;Netherlands;Bet365;3:2;67
Fr., 26. Juni;01:00;Tunisia;Netherlands;Bet365;3:1;67
Fr., 26. Juni;01:00;Tunisia;Netherlands;Bet365;2:5;81
Fr., 26. Juni;01:00;Tunisia;Netherlands;Bet365;3:3;81
Fr., 26. Juni;01:00;Tunisia;Netherlands;Bet365;0:7;101
Fr., 26. Juni;01:00;Tunisia;Netherlands;Bet365;3:0;126
Fr., 26. Juni;01:00;Tunisia;Netherlands;Bet365;3:4;126
Fr., 26. Juni;01:00;Tunisia;Netherlands;Bet365;1:7;151
Fr., 26. Juni;01:00;Tunisia;Netherlands;Bet365;2:6;151
Fr., 26. Juni;01:00;Tunisia;Netherlands;Bet365;3:5;251
Fr., 26. Juni;01:00;Tunisia;Netherlands;Bet365;4:1;301
Fr., 26. Juni;01:00;Tunisia;Netherlands;Bet365;0:8;301
Fr., 26. Juni;01:00;Tunisia;Netherlands;Bet365;4:2;301
Fr., 26. Juni;01:00;Tunisia;Netherlands;Bet365;4:3;351
Fr., 26. Juni;01:00;Tunisia;Netherlands;Bet365;2:7;401
Fr., 26. Juni;01:00;Tunisia;Netherlands;Bet365;1:8;451
Fr., 26. Juni;01:00;Tunisia;Netherlands;Bet365;4:4;501
Fr., 26. Juni;01:00;Tunisia;Netherlands;Bet365;3:6;501
Fr., 26. Juni;01:00;Japan;Sweden;Bet365;1:1;7
Fr., 26. Juni;01:00;Japan;Sweden;Bet365;1:0;7,5
Fr., 26. Juni;01:00;Japan;Sweden;Bet365;0:0;9,5
Fr., 26. Juni;01:00;Japan;Sweden;Bet365;2:1;9,5
Fr., 26. Juni;01:00;Japan;Sweden;Bet365;0:1;10
Fr., 26. Juni;01:00;Japan;Sweden;Bet365;2:0;10
Fr., 26. Juni;01:00;Japan;Sweden;Bet365;1:2;13
Fr., 26. Juni;01:00;Japan;Sweden;Bet365;2:2;17
Fr., 26. Juni;01:00;Japan;Sweden;Bet365;0:2;19
Fr., 26. Juni;01:00;Japan;Sweden;Bet365;3:1;19
Fr., 26. Juni;01:00;Japan;Sweden;Bet365;3:0;21
Fr., 26. Juni;01:00;Japan;Sweden;Bet365;1:3;29
Fr., 26. Juni;01:00;Japan;Sweden;Bet365;3:2;34
Fr., 26. Juni;01:00;Japan;Sweden;Bet365;0:3;41
Fr., 26. Juni;01:00;Japan;Sweden;Bet365;2:3;41
Fr., 26. Juni;01:00;Japan;Sweden;Bet365;4:0;41
Fr., 26. Juni;01:00;Japan;Sweden;Bet365;4:1;41
Fr., 26. Juni;01:00;Japan;Sweden;Bet365;3:3;51
Fr., 26. Juni;01:00;Japan;Sweden;Bet365;4:2;51
Fr., 26. Juni;01:00;Japan;Sweden;Bet365;1:4;67
Fr., 26. Juni;01:00;Japan;Sweden;Bet365;0:4;81
Fr., 26. Juni;01:00;Japan;Sweden;Bet365;2:4;81
Fr., 26. Juni;01:00;Japan;Sweden;Bet365;5:0;81
Fr., 26. Juni;01:00;Japan;Sweden;Bet365;5:1;81
Fr., 26. Juni;01:00;Japan;Sweden;Bet365;4:3;126
Fr., 26. Juni;01:00;Japan;Sweden;Bet365;5:2;151
Fr., 26. Juni;01:00;Japan;Sweden;Bet365;3:4;151
Fr., 26. Juni;01:00;Japan;Sweden;Bet365;1:5;201
Fr., 26. Juni;01:00;Japan;Sweden;Bet365;6:1;251
Fr., 26. Juni;01:00;Japan;Sweden;Bet365;0:5;301
Fr., 26. Juni;01:00;Japan;Sweden;Bet365;6:0;301
Fr., 26. Juni;01:00;Japan;Sweden;Bet365;2:5;301
Fr., 26. Juni;01:00;Japan;Sweden;Bet365;5:3;351
Fr., 26. Juni;01:00;Japan;Sweden;Bet365;4:4;351
Fr., 26. Juni;01:00;Japan;Sweden;Bet365;6:2;451
Fr., 26. Juni;01:00;Japan;Sweden;Bet365;3:5;501
Fr., 26. Juni;04:00;Turkiye;USA;Bet365;1:1;7
Fr., 26. Juni;04:00;Turkiye;USA;Bet365;0:1;9,5
Fr., 26. Juni;04:00;Turkiye;USA;Bet365;1:2;10
Fr., 26. Juni;04:00;Turkiye;USA;Bet365;1:0;10
Fr., 26. Juni;04:00;Turkiye;USA;Bet365;2:1;11
Fr., 26. Juni;04:00;Turkiye;USA;Bet365;0:0;12
Fr., 26. Juni;04:00;Turkiye;USA;Bet365;0:2;13
Fr., 26. Juni;04:00;Turkiye;USA;Bet365;2:0;15
Fr., 26. Juni;04:00;Turkiye;USA;Bet365;2:2;15
Fr., 26. Juni;04:00;Turkiye;USA;Bet365;1:3;19
Fr., 26. Juni;04:00;Turkiye;USA;Bet365;0:3;23
Fr., 26. Juni;04:00;Turkiye;USA;Bet365;3:1;23
Fr., 26. Juni;04:00;Turkiye;USA;Bet365;3:2;29
Fr., 26. Juni;04:00;Turkiye;USA;Bet365;3:0;29
Fr., 26. Juni;04:00;Turkiye;USA;Bet365;2:3;29
Fr., 26. Juni;04:00;Turkiye;USA;Bet365;1:4;41
Fr., 26. Juni;04:00;Turkiye;USA;Bet365;3:3;41
Fr., 26. Juni;04:00;Turkiye;USA;Bet365;4:1;51
Fr., 26. Juni;04:00;Turkiye;USA;Bet365;4:2;51
Fr., 26. Juni;04:00;Turkiye;USA;Bet365;0:4;51
Fr., 26. Juni;04:00;Turkiye;USA;Bet365;2:4;51
Fr., 26. Juni;04:00;Turkiye;USA;Bet365;4:0;51
Fr., 26. Juni;04:00;Turkiye;USA;Bet365;3:4;81
Fr., 26. Juni;04:00;Turkiye;USA;Bet365;1:5;81
Fr., 26. Juni;04:00;Turkiye;USA;Bet365;0:5;101
Fr., 26. Juni;04:00;Turkiye;USA;Bet365;4:3;101
Fr., 26. Juni;04:00;Turkiye;USA;Bet365;2:5;126
Fr., 26. Juni;04:00;Turkiye;USA;Bet365;5:1;126
Fr., 26. Juni;04:00;Turkiye;USA;Bet365;5:0;151
Fr., 26. Juni;04:00;Turkiye;USA;Bet365;5:2;151
Fr., 26. Juni;04:00;Turkiye;USA;Bet365;4:4;201
Fr., 26. Juni;04:00;Turkiye;USA;Bet365;3:5;251
Fr., 26. Juni;04:00;Turkiye;USA;Bet365;1:6;301
Fr., 26. Juni;04:00;Turkiye;USA;Bet365;5:3;301
Fr., 26. Juni;04:00;Turkiye;USA;Bet365;0:6;351
Fr., 26. Juni;04:00;Turkiye;USA;Bet365;2:6;401
Fr., 26. Juni;04:00;Turkiye;USA;Bet365;6:1;451
Fr., 26. Juni;04:00;Turkiye;USA;Bet365;6:2;501
Fr., 26. Juni;04:00;Paraguay;Australia;Bet365;1:1;6,5
Fr., 26. Juni;04:00;Paraguay;Australia;Bet365;1:0;7
Fr., 26. Juni;04:00;Paraguay;Australia;Bet365;0:0;8
Fr., 26. Juni;04:00;Paraguay;Australia;Bet365;0:1;9
Fr., 26. Juni;04:00;Paraguay;Australia;Bet365;2:0;10
Fr., 26. Juni;04:00;Paraguay;Australia;Bet365;2:1;10
Fr., 26. Juni;04:00;Paraguay;Australia;Bet365;1:2;13
Fr., 26. Juni;04:00;Paraguay;Australia;Bet365;0:2;17
Fr., 26. Juni;04:00;Paraguay;Australia;Bet365;2:2;17
Fr., 26. Juni;04:00;Paraguay;Australia;Bet365;3:0;21
Fr., 26. Juni;04:00;Paraguay;Australia;Bet365;3:1;21
Fr., 26. Juni;04:00;Paraguay;Australia;Bet365;1:3;34
Fr., 26. Juni;04:00;Paraguay;Australia;Bet365;3:2;34
Fr., 26. Juni;04:00;Paraguay;Australia;Bet365;0:3;41
Fr., 26. Juni;04:00;Paraguay;Australia;Bet365;2:3;41
Fr., 26. Juni;04:00;Paraguay;Australia;Bet365;4:1;41
Fr., 26. Juni;04:00;Paraguay;Australia;Bet365;4:0;41
Fr., 26. Juni;04:00;Paraguay;Australia;Bet365;3:3;67
Fr., 26. Juni;04:00;Paraguay;Australia;Bet365;4:2;67
Fr., 26. Juni;04:00;Paraguay;Australia;Bet365;1:4;81
Fr., 26. Juni;04:00;Paraguay;Australia;Bet365;2:4;101
Fr., 26. Juni;04:00;Paraguay;Australia;Bet365;5:1;101
Fr., 26. Juni;04:00;Paraguay;Australia;Bet365;0:4;101
Fr., 26. Juni;04:00;Paraguay;Australia;Bet365;5:0;101
Fr., 26. Juni;04:00;Paraguay;Australia;Bet365;4:3;151
Fr., 26. Juni;04:00;Paraguay;Australia;Bet365;5:2;151
Fr., 26. Juni;04:00;Paraguay;Australia;Bet365;3:4;201
Fr., 26. Juni;04:00;Paraguay;Australia;Bet365;1:5;251
Fr., 26. Juni;04:00;Paraguay;Australia;Bet365;0:5;351
Fr., 26. Juni;04:00;Paraguay;Australia;Bet365;6:0;351
Fr., 26. Juni;04:00;Paraguay;Australia;Bet365;6:1;351
Fr., 26. Juni;04:00;Paraguay;Australia;Bet365;2:5;401
Fr., 26. Juni;04:00;Paraguay;Australia;Bet365;4:4;451
Fr., 26. Juni;04:00;Paraguay;Australia;Bet365;5:3;451
Fr., 26. Juni;21:00;Norway;France;Bet365;1:1;7
Fr., 26. Juni;21:00;Norway;France;Bet365;0:1;8
Fr., 26. Juni;21:00;Norway;France;Bet365;0:2;9
Fr., 26. Juni;21:00;Norway;France;Bet365;1:2;9
Fr., 26. Juni;21:00;Norway;France;Bet365;0:0;11
Fr., 26. Juni;21:00;Norway;France;Bet365;1:0;13
Fr., 26. Juni;21:00;Norway;France;Bet365;0:3;15
Fr., 26. Juni;21:00;Norway;France;Bet365;2:1;15
Fr., 26. Juni;21:00;Norway;France;Bet365;1:3;15
Fr., 26. Juni;21:00;Norway;France;Bet365;2:2;15
Fr., 26. Juni;21:00;Norway;France;Bet365;2:0;23
Fr., 26. Juni;21:00;Norway;France;Bet365;2:3;29
Fr., 26. Juni;21:00;Norway;France;Bet365;0:4;34
Fr., 26. Juni;21:00;Norway;France;Bet365;1:4;34
Fr., 26. Juni;21:00;Norway;France;Bet365;3:2;41
Fr., 26. Juni;21:00;Norway;France;Bet365;3:1;41
Fr., 26. Juni;21:00;Norway;France;Bet365;1:5;51
Fr., 26. Juni;21:00;Norway;France;Bet365;3:3;51
Fr., 26. Juni;21:00;Norway;France;Bet365;2:4;51
Fr., 26. Juni;21:00;Norway;France;Bet365;3:0;51
Fr., 26. Juni;21:00;Norway;France;Bet365;0:5;67
Fr., 26. Juni;21:00;Norway;France;Bet365;4:1;81
Fr., 26. Juni;21:00;Norway;France;Bet365;3:4;101
Fr., 26. Juni;21:00;Norway;France;Bet365;4:2;101
Fr., 26. Juni;21:00;Norway;France;Bet365;2:5;101
Fr., 26. Juni;21:00;Norway;France;Bet365;4:0;126
Fr., 26. Juni;21:00;Norway;France;Bet365;0:6;151
Fr., 26. Juni;21:00;Norway;France;Bet365;4:3;151
Fr., 26. Juni;21:00;Norway;France;Bet365;1:6;151
Fr., 26. Juni;21:00;Norway;France;Bet365;3:5;201
Fr., 26. Juni;21:00;Norway;France;Bet365;2:6;251
Fr., 26. Juni;21:00;Norway;France;Bet365;4:4;251
Fr., 26. Juni;21:00;Norway;France;Bet365;5:1;301
Fr., 26. Juni;21:00;Norway;France;Bet365;5:2;351
Fr., 26. Juni;21:00;Norway;France;Bet365;0:7;501
Fr., 26. Juni;21:00;Norway;France;Bet365;5:0;501
Fr., 26. Juni;21:00;Norway;France;Bet365;1:7;501
Fr., 26. Juni;21:00;Senegal;Iraq;Bet365;2:0;6
Fr., 26. Juni;21:00;Senegal;Iraq;Bet365;1:0;6,5
Fr., 26. Juni;21:00;Senegal;Iraq;Bet365;3:0;8
Fr., 26. Juni;21:00;Senegal;Iraq;Bet365;2:1;10
Fr., 26. Juni;21:00;Senegal;Iraq;Bet365;1:1;11
Fr., 26. Juni;21:00;Senegal;Iraq;Bet365;0:0;11
Fr., 26. Juni;21:00;Senegal;Iraq;Bet365;3:1;13
Fr., 26. Juni;21:00;Senegal;Iraq;Bet365;4:0;15
Fr., 26. Juni;21:00;Senegal;Iraq;Bet365;0:1;19
Fr., 26. Juni;21:00;Senegal;Iraq;Bet365;4:1;23
Fr., 26. Juni;21:00;Senegal;Iraq;Bet365;1:2;29
Fr., 26. Juni;21:00;Senegal;Iraq;Bet365;2:2;29
Fr., 26. Juni;21:00;Senegal;Iraq;Bet365;5:0;29
Fr., 26. Juni;21:00;Senegal;Iraq;Bet365;3:2;41
Fr., 26. Juni;21:00;Senegal;Iraq;Bet365;5:1;41
Fr., 26. Juni;21:00;Senegal;Iraq;Bet365;0:2;51
Fr., 26. Juni;21:00;Senegal;Iraq;Bet365;6:0;51
Fr., 26. Juni;21:00;Senegal;Iraq;Bet365;4:2;51
Fr., 26. Juni;21:00;Senegal;Iraq;Bet365;6:1;81
Fr., 26. Juni;21:00;Senegal;Iraq;Bet365;1:3;81
Fr., 26. Juni;21:00;Senegal;Iraq;Bet365;2:3;81
Fr., 26. Juni;21:00;Senegal;Iraq;Bet365;3:3;101
Fr., 26. Juni;21:00;Senegal;Iraq;Bet365;5:2;101
Fr., 26. Juni;21:00;Senegal;Iraq;Bet365;7:0;126
Fr., 26. Juni;21:00;Senegal;Iraq;Bet365;0:3;151
Fr., 26. Juni;21:00;Senegal;Iraq;Bet365;4:3;151
Fr., 26. Juni;21:00;Senegal;Iraq;Bet365;6:2;201
Fr., 26. Juni;21:00;Senegal;Iraq;Bet365;7:1;201
Fr., 26. Juni;21:00;Senegal;Iraq;Bet365;5:3;351
Fr., 26. Juni;21:00;Senegal;Iraq;Bet365;8:0;351
Fr., 26. Juni;21:00;Senegal;Iraq;Bet365;1:4;401
Fr., 26. Juni;21:00;Senegal;Iraq;Bet365;2:4;401
Fr., 26. Juni;21:00;Senegal;Iraq;Bet365;3:4;501
Fr., 26. Juni;21:00;Senegal;Iraq;Bet365;7:2;501
Sa., 27. Juni;02:00;Uruguay;Spain;Bet365;0:1;7
Sa., 27. Juni;02:00;Uruguay;Spain;Bet365;0:2;7,5
Sa., 27. Juni;02:00;Uruguay;Spain;Bet365;1:1;8,5
Sa., 27. Juni;02:00;Uruguay;Spain;Bet365;1:2;9
Sa., 27. Juni;02:00;Uruguay;Spain;Bet365;0:3;11
Sa., 27. Juni;02:00;Uruguay;Spain;Bet365;0:0;12
Sa., 27. Juni;02:00;Uruguay;Spain;Bet365;1:3;13
Sa., 27. Juni;02:00;Uruguay;Spain;Bet365;1:0;15
Sa., 27. Juni;02:00;Uruguay;Spain;Bet365;2:1;19
Sa., 27. Juni;02:00;Uruguay;Spain;Bet365;0:4;21
Sa., 27. Juni;02:00;Uruguay;Spain;Bet365;2:2;21
Sa., 27. Juni;02:00;Uruguay;Spain;Bet365;1:4;26
Sa., 27. Juni;02:00;Uruguay;Spain;Bet365;2:3;29
Sa., 27. Juni;02:00;Uruguay;Spain;Bet365;2:0;34
Sa., 27. Juni;02:00;Uruguay;Spain;Bet365;0:5;41
Sa., 27. Juni;02:00;Uruguay;Spain;Bet365;3:1;51
Sa., 27. Juni;02:00;Uruguay;Spain;Bet365;3:2;51
Sa., 27. Juni;02:00;Uruguay;Spain;Bet365;1:5;51
Sa., 27. Juni;02:00;Uruguay;Spain;Bet365;2:4;51
Sa., 27. Juni;02:00;Uruguay;Spain;Bet365;3:0;67
Sa., 27. Juni;02:00;Uruguay;Spain;Bet365;3:3;67
Sa., 27. Juni;02:00;Uruguay;Spain;Bet365;0:6;81
Sa., 27. Juni;02:00;Uruguay;Spain;Bet365;2:5;81
Sa., 27. Juni;02:00;Uruguay;Spain;Bet365;1:6;101
Sa., 27. Juni;02:00;Uruguay;Spain;Bet365;3:4;101
Sa., 27. Juni;02:00;Uruguay;Spain;Bet365;4:2;151
Sa., 27. Juni;02:00;Uruguay;Spain;Bet365;4:1;151
Sa., 27. Juni;02:00;Uruguay;Spain;Bet365;4:3;201
Sa., 27. Juni;02:00;Uruguay;Spain;Bet365;2:6;201
Sa., 27. Juni;02:00;Uruguay;Spain;Bet365;0:7;251
Sa., 27. Juni;02:00;Uruguay;Spain;Bet365;4:0;251
Sa., 27. Juni;02:00;Uruguay;Spain;Bet365;3:5;251
Sa., 27. Juni;02:00;Uruguay;Spain;Bet365;1:7;301
Sa., 27. Juni;02:00;Uruguay;Spain;Bet365;4:4;401
Sa., 27. Juni;02:00;Cape Verde;Saudi Arabia;Bet365;1:1;7
Sa., 27. Juni;02:00;Cape Verde;Saudi Arabia;Bet365;0:1;7,5
Sa., 27. Juni;02:00;Cape Verde;Saudi Arabia;Bet365;1:0;8
Sa., 27. Juni;02:00;Cape Verde;Saudi Arabia;Bet365;0:0;9
Sa., 27. Juni;02:00;Cape Verde;Saudi Arabia;Bet365;1:2;10
Sa., 27. Juni;02:00;Cape Verde;Saudi Arabia;Bet365;0:2;11
Sa., 27. Juni;02:00;Cape Verde;Saudi Arabia;Bet365;2:1;11
Sa., 27. Juni;02:00;Cape Verde;Saudi Arabia;Bet365;2:0;15
Sa., 27. Juni;02:00;Cape Verde;Saudi Arabia;Bet365;2:2;19
Sa., 27. Juni;02:00;Cape Verde;Saudi Arabia;Bet365;1:3;21
Sa., 27. Juni;02:00;Cape Verde;Saudi Arabia;Bet365;0:3;23
Sa., 27. Juni;02:00;Cape Verde;Saudi Arabia;Bet365;3:1;26
Sa., 27. Juni;02:00;Cape Verde;Saudi Arabia;Bet365;3:0;34
Sa., 27. Juni;02:00;Cape Verde;Saudi Arabia;Bet365;2:3;34
Sa., 27. Juni;02:00;Cape Verde;Saudi Arabia;Bet365;3:2;41
Sa., 27. Juni;02:00;Cape Verde;Saudi Arabia;Bet365;1:4;51
Sa., 27. Juni;02:00;Cape Verde;Saudi Arabia;Bet365;4:1;51
Sa., 27. Juni;02:00;Cape Verde;Saudi Arabia;Bet365;0:4;51
Sa., 27. Juni;02:00;Cape Verde;Saudi Arabia;Bet365;2:4;67
Sa., 27. Juni;02:00;Cape Verde;Saudi Arabia;Bet365;4:0;67
Sa., 27. Juni;02:00;Cape Verde;Saudi Arabia;Bet365;3:3;67
Sa., 27. Juni;02:00;Cape Verde;Saudi Arabia;Bet365;4:2;81
Sa., 27. Juni;02:00;Cape Verde;Saudi Arabia;Bet365;0:5;126
Sa., 27. Juni;02:00;Cape Verde;Saudi Arabia;Bet365;1:5;126
Sa., 27. Juni;02:00;Cape Verde;Saudi Arabia;Bet365;5:1;151
Sa., 27. Juni;02:00;Cape Verde;Saudi Arabia;Bet365;3:4;151
Sa., 27. Juni;02:00;Cape Verde;Saudi Arabia;Bet365;4:3;151
Sa., 27. Juni;02:00;Cape Verde;Saudi Arabia;Bet365;5:0;201
Sa., 27. Juni;02:00;Cape Verde;Saudi Arabia;Bet365;2:5;201
Sa., 27. Juni;02:00;Cape Verde;Saudi Arabia;Bet365;5:2;251
Sa., 27. Juni;02:00;Cape Verde;Saudi Arabia;Bet365;4:4;401
Sa., 27. Juni;02:00;Cape Verde;Saudi Arabia;Bet365;1:6;451
Sa., 27. Juni;02:00;Cape Verde;Saudi Arabia;Bet365;3:5;451
Sa., 27. Juni;02:00;Cape Verde;Saudi Arabia;Bet365;0:6;501
Sa., 27. Juni;02:00;Cape Verde;Saudi Arabia;Bet365;5:3;501
Sa., 27. Juni;05:00;New Zealand;Belgium;Bet365;0:2;6
Sa., 27. Juni;05:00;New Zealand;Belgium;Bet365;0:1;7
Sa., 27. Juni;05:00;New Zealand;Belgium;Bet365;0:3;7,5
Sa., 27. Juni;05:00;New Zealand;Belgium;Bet365;1:2;10
Sa., 27. Juni;05:00;New Zealand;Belgium;Bet365;0:4;12
Sa., 27. Juni;05:00;New Zealand;Belgium;Bet365;1:1;13
Sa., 27. Juni;05:00;New Zealand;Belgium;Bet365;1:3;13
Sa., 27. Juni;05:00;New Zealand;Belgium;Bet365;0:0;15
Sa., 27. Juni;05:00;New Zealand;Belgium;Bet365;0:5;21
Sa., 27. Juni;05:00;New Zealand;Belgium;Bet365;1:4;21
Sa., 27. Juni;05:00;New Zealand;Belgium;Bet365;1:0;23
Sa., 27. Juni;05:00;New Zealand;Belgium;Bet365;2:1;29
Sa., 27. Juni;05:00;New Zealand;Belgium;Bet365;1:5;34
Sa., 27. Juni;05:00;New Zealand;Belgium;Bet365;2:2;34
Sa., 27. Juni;05:00;New Zealand;Belgium;Bet365;0:6;41
Sa., 27. Juni;05:00;New Zealand;Belgium;Bet365;2:3;41
Sa., 27. Juni;05:00;New Zealand;Belgium;Bet365;1:6;51
Sa., 27. Juni;05:00;New Zealand;Belgium;Bet365;2:0;51
Sa., 27. Juni;05:00;New Zealand;Belgium;Bet365;2:4;51
Sa., 27. Juni;05:00;New Zealand;Belgium;Bet365;0:7;81
Sa., 27. Juni;05:00;New Zealand;Belgium;Bet365;2:5;81
Sa., 27. Juni;05:00;New Zealand;Belgium;Bet365;3:1;81
Sa., 27. Juni;05:00;New Zealand;Belgium;Bet365;3:2;81
Sa., 27. Juni;05:00;New Zealand;Belgium;Bet365;3:3;101
Sa., 27. Juni;05:00;New Zealand;Belgium;Bet365;1:7;126
Sa., 27. Juni;05:00;New Zealand;Belgium;Bet365;3:0;151
Sa., 27. Juni;05:00;New Zealand;Belgium;Bet365;3:4;151
Sa., 27. Juni;05:00;New Zealand;Belgium;Bet365;2:6;151
Sa., 27. Juni;05:00;New Zealand;Belgium;Bet365;0:8;201
Sa., 27. Juni;05:00;New Zealand;Belgium;Bet365;3:5;301
Sa., 27. Juni;05:00;New Zealand;Belgium;Bet365;1:8;351
Sa., 27. Juni;05:00;New Zealand;Belgium;Bet365;2:7;351
Sa., 27. Juni;05:00;New Zealand;Belgium;Bet365;4:2;401
Sa., 27. Juni;05:00;New Zealand;Belgium;Bet365;4:1;451
Sa., 27. Juni;05:00;New Zealand;Belgium;Bet365;4:3;451
Sa., 27. Juni;05:00;Egypt;Iran;Bet365;1:0;6
Sa., 27. Juni;05:00;Egypt;Iran;Bet365;1:1;6,5
Sa., 27. Juni;05:00;Egypt;Iran;Bet365;0:0;6,5
Sa., 27. Juni;05:00;Egypt;Iran;Bet365;0:1;9
Sa., 27. Juni;05:00;Egypt;Iran;Bet365;2:0;9
Sa., 27. Juni;05:00;Egypt;Iran;Bet365;2:1;10
Sa., 27. Juni;05:00;Egypt;Iran;Bet365;1:2;15
Sa., 27. Juni;05:00;Egypt;Iran;Bet365;0:2;19
Sa., 27. Juni;05:00;Egypt;Iran;Bet365;3:0;19
Sa., 27. Juni;05:00;Egypt;Iran;Bet365;3:1;21
Sa., 27. Juni;05:00;Egypt;Iran;Bet365;2:2;21
Sa., 27. Juni;05:00;Egypt;Iran;Bet365;4:0;41
Sa., 27. Juni;05:00;Egypt;Iran;Bet365;0:3;41
Sa., 27. Juni;05:00;Egypt;Iran;Bet365;1:3;41
Sa., 27. Juni;05:00;Egypt;Iran;Bet365;3:2;41
Sa., 27. Juni;05:00;Egypt;Iran;Bet365;4:1;51
Sa., 27. Juni;05:00;Egypt;Iran;Bet365;2:3;51
Sa., 27. Juni;05:00;Egypt;Iran;Bet365;3:3;81
Sa., 27. Juni;05:00;Egypt;Iran;Bet365;4:2;81
Sa., 27. Juni;05:00;Egypt;Iran;Bet365;5:0;101
Sa., 27. Juni;05:00;Egypt;Iran;Bet365;5:1;101
Sa., 27. Juni;05:00;Egypt;Iran;Bet365;1:4;101
Sa., 27. Juni;05:00;Egypt;Iran;Bet365;0:4;126
Sa., 27. Juni;05:00;Egypt;Iran;Bet365;2:4;151
Sa., 27. Juni;05:00;Egypt;Iran;Bet365;5:2;201
Sa., 27. Juni;05:00;Egypt;Iran;Bet365;4:3;201
Sa., 27. Juni;05:00;Egypt;Iran;Bet365;3:4;301
Sa., 27. Juni;05:00;Egypt;Iran;Bet365;6:0;351
Sa., 27. Juni;05:00;Egypt;Iran;Bet365;6:1;401
Sa., 27. Juni;05:00;Egypt;Iran;Bet365;1:5;451
Sa., 27. Juni;05:00;Egypt;Iran;Bet365;0:5;501
Sa., 27. Juni;23:00;Panama;England;Bet365;0:2;6,5
Sa., 27. Juni;23:00;Panama;England;Bet365;0:1;7,5
Sa., 27. Juni;23:00;Panama;England;Bet365;0:3;8
Sa., 27. Juni;23:00;Panama;England;Bet365;1:2;10
Sa., 27. Juni;23:00;Panama;England;Bet365;1:3;12
Sa., 27. Juni;23:00;Panama;England;Bet365;1:1;12
Sa., 27. Juni;23:00;Panama;England;Bet365;0:4;13
Sa., 27. Juni;23:00;Panama;England;Bet365;0:0;15
Sa., 27. Juni;23:00;Panama;England;Bet365;1:4;19
Sa., 27. Juni;23:00;Panama;England;Bet365;1:0;21
Sa., 27. Juni;23:00;Panama;England;Bet365;0:5;23
Sa., 27. Juni;23:00;Panama;England;Bet365;2:1;26
Sa., 27. Juni;23:00;Panama;England;Bet365;2:2;29
Sa., 27. Juni;23:00;Panama;England;Bet365;2:3;34
Sa., 27. Juni;23:00;Panama;England;Bet365;1:5;34
Sa., 27. Juni;23:00;Panama;England;Bet365;2:4;41
Sa., 27. Juni;23:00;Panama;England;Bet365;0:6;41
Sa., 27. Juni;23:00;Panama;England;Bet365;1:6;51
Sa., 27. Juni;23:00;Panama;England;Bet365;2:0;51
Sa., 27. Juni;23:00;Panama;England;Bet365;3:2;67
Sa., 27. Juni;23:00;Panama;England;Bet365;2:5;67
Sa., 27. Juni;23:00;Panama;England;Bet365;3:1;67
Sa., 27. Juni;23:00;Panama;England;Bet365;0:7;81
Sa., 27. Juni;23:00;Panama;England;Bet365;3:3;81
Sa., 27. Juni;23:00;Panama;England;Bet365;3:4;126
Sa., 27. Juni;23:00;Panama;England;Bet365;1:7;126
Sa., 27. Juni;23:00;Panama;England;Bet365;2:6;126
Sa., 27. Juni;23:00;Panama;England;Bet365;3:0;126
Sa., 27. Juni;23:00;Panama;England;Bet365;3:5;201
Sa., 27. Juni;23:00;Panama;England;Bet365;0:8;201
Sa., 27. Juni;23:00;Panama;England;Bet365;4:2;251
Sa., 27. Juni;23:00;Panama;England;Bet365;2:7;301
Sa., 27. Juni;23:00;Panama;England;Bet365;4:1;301
Sa., 27. Juni;23:00;Panama;England;Bet365;4:3;301
Sa., 27. Juni;23:00;Panama;England;Bet365;1:8;351
Sa., 27. Juni;23:00;Panama;England;Bet365;3:6;501
Sa., 27. Juni;23:00;Croatia;Ghana;Bet365;1:0;6,5
Sa., 27. Juni;23:00;Croatia;Ghana;Bet365;2:0;7,5
Sa., 27. Juni;23:00;Croatia;Ghana;Bet365;1:1;7,5
Sa., 27. Juni;23:00;Croatia;Ghana;Bet365;0:0;9
Sa., 27. Juni;23:00;Croatia;Ghana;Bet365;2:1;9
Sa., 27. Juni;23:00;Croatia;Ghana;Bet365;0:1;13
Sa., 27. Juni;23:00;Croatia;Ghana;Bet365;3:0;13
Sa., 27. Juni;23:00;Croatia;Ghana;Bet365;3:1;15
Sa., 27. Juni;23:00;Croatia;Ghana;Bet365;1:2;19
Sa., 27. Juni;23:00;Croatia;Ghana;Bet365;2:2;21
Sa., 27. Juni;23:00;Croatia;Ghana;Bet365;4:0;26
Sa., 27. Juni;23:00;Croatia;Ghana;Bet365;0:2;29
Sa., 27. Juni;23:00;Croatia;Ghana;Bet365;3:2;34
Sa., 27. Juni;23:00;Croatia;Ghana;Bet365;4:1;34
Sa., 27. Juni;23:00;Croatia;Ghana;Bet365;1:3;51
Sa., 27. Juni;23:00;Croatia;Ghana;Bet365;5:1;51
Sa., 27. Juni;23:00;Croatia;Ghana;Bet365;2:3;51
Sa., 27. Juni;23:00;Croatia;Ghana;Bet365;4:2;51
Sa., 27. Juni;23:00;Croatia;Ghana;Bet365;5:0;51
Sa., 27. Juni;23:00;Croatia;Ghana;Bet365;0:3;67
Sa., 27. Juni;23:00;Croatia;Ghana;Bet365;3:3;67
Sa., 27. Juni;23:00;Croatia;Ghana;Bet365;6:0;126
Sa., 27. Juni;23:00;Croatia;Ghana;Bet365;5:2;126
Sa., 27. Juni;23:00;Croatia;Ghana;Bet365;1:4;151
Sa., 27. Juni;23:00;Croatia;Ghana;Bet365;2:4;151
Sa., 27. Juni;23:00;Croatia;Ghana;Bet365;4:3;151
Sa., 27. Juni;23:00;Croatia;Ghana;Bet365;6:1;151
Sa., 27. Juni;23:00;Croatia;Ghana;Bet365;0:4;201
Sa., 27. Juni;23:00;Croatia;Ghana;Bet365;3:4;251
Sa., 27. Juni;23:00;Croatia;Ghana;Bet365;5:3;351
Sa., 27. Juni;23:00;Croatia;Ghana;Bet365;6:2;351
Sa., 27. Juni;23:00;Croatia;Ghana;Bet365;7:0;401
Sa., 27. Juni;23:00;Croatia;Ghana;Bet365;7:1;501
Sa., 27. Juni;23:00;Croatia;Ghana;Bet365;4:4;501
So., 28. Juni;01:30;Colombia;Portugal;Bet365;1:1;6,5
So., 28. Juni;01:30;Colombia;Portugal;Bet365;0:1;7,5
So., 28. Juni;01:30;Colombia;Portugal;Bet365;0:0;9
So., 28. Juni;01:30;Colombia;Portugal;Bet365;1:2;9,5
So., 28. Juni;01:30;Colombia;Portugal;Bet365;1:0;10
So., 28. Juni;01:30;Colombia;Portugal;Bet365;0:2;10
So., 28. Juni;01:30;Colombia;Portugal;Bet365;2:1;13
So., 28. Juni;01:30;Colombia;Portugal;Bet365;2:2;17
So., 28. Juni;01:30;Colombia;Portugal;Bet365;1:3;19
So., 28. Juni;01:30;Colombia;Portugal;Bet365;2:0;19
So., 28. Juni;01:30;Colombia;Portugal;Bet365;0:3;21
So., 28. Juni;01:30;Colombia;Portugal;Bet365;2:3;34
So., 28. Juni;01:30;Colombia;Portugal;Bet365;3:1;34
So., 28. Juni;01:30;Colombia;Portugal;Bet365;3:0;41
So., 28. Juni;01:30;Colombia;Portugal;Bet365;3:2;41
So., 28. Juni;01:30;Colombia;Portugal;Bet365;0:4;41
So., 28. Juni;01:30;Colombia;Portugal;Bet365;1:4;41
So., 28. Juni;01:30;Colombia;Portugal;Bet365;3:3;51
So., 28. Juni;01:30;Colombia;Portugal;Bet365;2:4;51
So., 28. Juni;01:30;Colombia;Portugal;Bet365;4:1;67
So., 28. Juni;01:30;Colombia;Portugal;Bet365;4:0;81
So., 28. Juni;01:30;Colombia;Portugal;Bet365;4:2;81
So., 28. Juni;01:30;Colombia;Portugal;Bet365;0:5;81
So., 28. Juni;01:30;Colombia;Portugal;Bet365;1:5;81
So., 28. Juni;01:30;Colombia;Portugal;Bet365;3:4;126
So., 28. Juni;01:30;Colombia;Portugal;Bet365;4:3;151
So., 28. Juni;01:30;Colombia;Portugal;Bet365;2:5;151
So., 28. Juni;01:30;Colombia;Portugal;Bet365;1:6;251
So., 28. Juni;01:30;Colombia;Portugal;Bet365;5:1;251
So., 28. Juni;01:30;Colombia;Portugal;Bet365;5:0;301
So., 28. Juni;01:30;Colombia;Portugal;Bet365;5:2;301
So., 28. Juni;01:30;Colombia;Portugal;Bet365;0:6;301
So., 28. Juni;01:30;Colombia;Portugal;Bet365;4:4;351
So., 28. Juni;01:30;Colombia;Portugal;Bet365;3:5;351
So., 28. Juni;01:30;Colombia;Portugal;Bet365;2:6;501
So., 28. Juni;01:30;Congo DR;Uzbekistan;Bet365;1:0;7
So., 28. Juni;01:30;Congo DR;Uzbekistan;Bet365;1:1;7
So., 28. Juni;01:30;Congo DR;Uzbekistan;Bet365;0:0;8,5
So., 28. Juni;01:30;Congo DR;Uzbekistan;Bet365;0:1;8,5
So., 28. Juni;01:30;Congo DR;Uzbekistan;Bet365;2:1;10
So., 28. Juni;01:30;Congo DR;Uzbekistan;Bet365;2:0;11
So., 28. Juni;01:30;Congo DR;Uzbekistan;Bet365;1:2;12
So., 28. Juni;01:30;Congo DR;Uzbekistan;Bet365;0:2;15
So., 28. Juni;01:30;Congo DR;Uzbekistan;Bet365;2:2;19
So., 28. Juni;01:30;Congo DR;Uzbekistan;Bet365;3:1;21
So., 28. Juni;01:30;Congo DR;Uzbekistan;Bet365;3:0;23
So., 28. Juni;01:30;Congo DR;Uzbekistan;Bet365;1:3;29
So., 28. Juni;01:30;Congo DR;Uzbekistan;Bet365;3:2;34
So., 28. Juni;01:30;Congo DR;Uzbekistan;Bet365;0:3;34
So., 28. Juni;01:30;Congo DR;Uzbekistan;Bet365;2:3;41
So., 28. Juni;01:30;Congo DR;Uzbekistan;Bet365;4:1;51
So., 28. Juni;01:30;Congo DR;Uzbekistan;Bet365;4:0;51
So., 28. Juni;01:30;Congo DR;Uzbekistan;Bet365;1:4;67
So., 28. Juni;01:30;Congo DR;Uzbekistan;Bet365;4:2;67
So., 28. Juni;01:30;Congo DR;Uzbekistan;Bet365;3:3;67
So., 28. Juni;01:30;Congo DR;Uzbekistan;Bet365;0:4;81
So., 28. Juni;01:30;Congo DR;Uzbekistan;Bet365;2:4;81
So., 28. Juni;01:30;Congo DR;Uzbekistan;Bet365;5:1;101
So., 28. Juni;01:30;Congo DR;Uzbekistan;Bet365;5:0;126
So., 28. Juni;01:30;Congo DR;Uzbekistan;Bet365;3:4;151
So., 28. Juni;01:30;Congo DR;Uzbekistan;Bet365;4:3;151
So., 28. Juni;01:30;Congo DR;Uzbekistan;Bet365;1:5;201
So., 28. Juni;01:30;Congo DR;Uzbekistan;Bet365;5:2;201
So., 28. Juni;01:30;Congo DR;Uzbekistan;Bet365;0:5;251
So., 28. Juni;01:30;Congo DR;Uzbekistan;Bet365;2:5;301
So., 28. Juni;01:30;Congo DR;Uzbekistan;Bet365;6:1;401
So., 28. Juni;01:30;Congo DR;Uzbekistan;Bet365;5:3;451
So., 28. Juni;01:30;Congo DR;Uzbekistan;Bet365;6:0;451
So., 28. Juni;01:30;Congo DR;Uzbekistan;Bet365;4:4;451
So., 28. Juni;04:00;Jordan;Argentina;Bet365;0:2;6
So., 28. Juni;04:00;Jordan;Argentina;Bet365;0:3;7
So., 28. Juni;04:00;Jordan;Argentina;Bet365;0:1;7,5
So., 28. Juni;04:00;Jordan;Argentina;Bet365;0:4;10
So., 28. Juni;04:00;Jordan;Argentina;Bet365;1:2;11
So., 28. Juni;04:00;Jordan;Argentina;Bet365;1:3;12
So., 28. Juni;04:00;Jordan;Argentina;Bet365;1:1;15
So., 28. Juni;04:00;Jordan;Argentina;Bet365;0:0;17
So., 28. Juni;04:00;Jordan;Argentina;Bet365;1:4;19
So., 28. Juni;04:00;Jordan;Argentina;Bet365;0:5;19
So., 28. Juni;04:00;Jordan;Argentina;Bet365;1:0;23
So., 28. Juni;04:00;Jordan;Argentina;Bet365;1:5;34
So., 28. Juni;04:00;Jordan;Argentina;Bet365;2:1;34
So., 28. Juni;04:00;Jordan;Argentina;Bet365;0:6;41
So., 28. Juni;04:00;Jordan;Argentina;Bet365;2:2;41
So., 28. Juni;04:00;Jordan;Argentina;Bet365;2:3;41
So., 28. Juni;04:00;Jordan;Argentina;Bet365;1:6;51
So., 28. Juni;04:00;Jordan;Argentina;Bet365;2:0;51
So., 28. Juni;04:00;Jordan;Argentina;Bet365;2:4;51
So., 28. Juni;04:00;Jordan;Argentina;Bet365;0:7;67
So., 28. Juni;04:00;Jordan;Argentina;Bet365;2:5;67
So., 28. Juni;04:00;Jordan;Argentina;Bet365;3:2;81
So., 28. Juni;04:00;Jordan;Argentina;Bet365;1:7;101
So., 28. Juni;04:00;Jordan;Argentina;Bet365;3:1;101
So., 28. Juni;04:00;Jordan;Argentina;Bet365;2:6;126
So., 28. Juni;04:00;Jordan;Argentina;Bet365;3:3;126
So., 28. Juni;04:00;Jordan;Argentina;Bet365;0:8;151
So., 28. Juni;04:00;Jordan;Argentina;Bet365;3:4;151
So., 28. Juni;04:00;Jordan;Argentina;Bet365;3:0;201
So., 28. Juni;04:00;Jordan;Argentina;Bet365;1:8;251
So., 28. Juni;04:00;Jordan;Argentina;Bet365;3:5;251
So., 28. Juni;04:00;Jordan;Argentina;Bet365;2:7;301
So., 28. Juni;04:00;Jordan;Argentina;Bet365;4:2;401
So., 28. Juni;04:00;Jordan;Argentina;Bet365;0:9;451
So., 28. Juni;04:00;Jordan;Argentina;Bet365;3:6;501
So., 28. Juni;04:00;Jordan;Argentina;Bet365;4:3;501
So., 28. Juni;04:00;Jordan;Argentina;Bet365;4:1;501
So., 28. Juni;04:00;Algeria;Austria;Bet365;1:1;6
So., 28. Juni;04:00;Algeria;Austria;Bet365;0:1;8
So., 28. Juni;04:00;Algeria;Austria;Bet365;0:0;8,5
So., 28. Juni;04:00;Algeria;Austria;Bet365;1:0;10
So., 28. Juni;04:00;Algeria;Austria;Bet365;1:2;10
So., 28. Juni;04:00;Algeria;Austria;Bet365;0:2;12
So., 28. Juni;04:00;Algeria;Austria;Bet365;2:1;13
So., 28. Juni;04:00;Algeria;Austria;Bet365;2:2;15
So., 28. Juni;04:00;Algeria;Austria;Bet365;2:0;17
So., 28. Juni;04:00;Algeria;Austria;Bet365;1:3;21
So., 28. Juni;04:00;Algeria;Austria;Bet365;0:3;23
So., 28. Juni;04:00;Algeria;Austria;Bet365;3:1;29
So., 28. Juni;04:00;Algeria;Austria;Bet365;3:0;34
So., 28. Juni;04:00;Algeria;Austria;Bet365;2:3;34
So., 28. Juni;04:00;Algeria;Austria;Bet365;1:4;41
So., 28. Juni;04:00;Algeria;Austria;Bet365;3:2;41
So., 28. Juni;04:00;Algeria;Austria;Bet365;0:4;51
So., 28. Juni;04:00;Algeria;Austria;Bet365;3:3;51
So., 28. Juni;04:00;Algeria;Austria;Bet365;2:4;67
So., 28. Juni;04:00;Algeria;Austria;Bet365;4:1;67
So., 28. Juni;04:00;Algeria;Austria;Bet365;4:2;81
So., 28. Juni;04:00;Algeria;Austria;Bet365;4:0;81
So., 28. Juni;04:00;Algeria;Austria;Bet365;1:5;101
So., 28. Juni;04:00;Algeria;Austria;Bet365;0:5;126
So., 28. Juni;04:00;Algeria;Austria;Bet365;3:4;126
So., 28. Juni;04:00;Algeria;Austria;Bet365;5:1;151
So., 28. Juni;04:00;Algeria;Austria;Bet365;2:5;151
So., 28. Juni;04:00;Algeria;Austria;Bet365;4:3;151
So., 28. Juni;04:00;Algeria;Austria;Bet365;5:2;251
So., 28. Juni;04:00;Algeria;Austria;Bet365;5:0;251
So., 28. Juni;04:00;Algeria;Austria;Bet365;4:4;301
So., 28. Juni;04:00;Algeria;Austria;Bet365;1:6;351
So., 28. Juni;04:00;Algeria;Austria;Bet365;3:5;351
So., 28. Juni;04:00;Algeria;Austria;Bet365;0:6;401
So., 28. Juni;04:00;Algeria;Austria;Bet365;5:3;501
So., 28. Juni;21:00;2A;2B;Bet365;keine Correct-Score-Quoten;
Mo., 29. Juni;19:00;1C;2F;Bet365;keine Correct-Score-Quoten;
Mo., 29. Juni;22:30;1E;3A/3B/3C/3D/3F;Bet365;keine Correct-Score-Quoten;
Di., 30. Juni;03:00;1F;2C;Bet365;keine Correct-Score-Quoten;
Di., 30. Juni;19:00;2E;2I;Bet365;keine Correct-Score-Quoten;
Di., 30. Juni;23:00;1I;3C/3D/3F/3G/3H;Bet365;keine Correct-Score-Quoten;
Mi., 01. Juli;03:00;1A;3C/3E/3F/3H/3I;Bet365;keine Correct-Score-Quoten;
Mi., 01. Juli;18:00;1L;3E/3H/3I/3J/3K;Bet365;keine Correct-Score-Quoten;
Mi., 01. Juli;22:00;1G;3A/3E/3H/3I/3J;Bet365;keine Correct-Score-Quoten;
Do., 02. Juli;02:00;1D;3B/3E/3F/3I/3J;Bet365;keine Correct-Score-Quoten;
Do., 02. Juli;21:00;1H;2J;Bet365;keine Correct-Score-Quoten;
Fr., 03. Juli;01:00;2K;2L;Bet365;keine Correct-Score-Quoten;
Fr., 03. Juli;05:00;1B;3E/3F/3G/3I/3J;Bet365;keine Correct-Score-Quoten;
Fr., 03. Juli;20:00;2D;2G;Bet365;keine Correct-Score-Quoten;
Sa., 04. Juli;00:00;1J;2H;Bet365;keine Correct-Score-Quoten;
Sa., 04. Juli;03:30;1K;3D/3E/3I/3J/3L;Bet365;keine Correct-Score-Quoten;
Sa., 04. Juli;19:00;W73;W75;Bet365;keine Correct-Score-Quoten;
Sa., 04. Juli;23:00;W74;W77;Bet365;keine Correct-Score-Quoten;
So., 05. Juli;22:00;W76;W78;Bet365;keine Correct-Score-Quoten;
Mo., 06. Juli;02:00;W79;W80;Bet365;keine Correct-Score-Quoten;
Mo., 06. Juli;21:00;W83;W84;Bet365;keine Correct-Score-Quoten;
Di., 07. Juli;02:00;W81;W82;Bet365;keine Correct-Score-Quoten;
Di., 07. Juli;18:00;W86;W88;Bet365;keine Correct-Score-Quoten;
Di., 07. Juli;22:00;W85;W87;Bet365;keine Correct-Score-Quoten;
Do., 09. Juli;22:00;W89;W90;Bet365;keine Correct-Score-Quoten;
Fr., 10. Juli;21:00;W93;W94;Bet365;keine Correct-Score-Quoten;
Sa., 11. Juli;23:00;W91;W92;Bet365;keine Correct-Score-Quoten;
So., 12. Juli;03:00;W95;W96;Bet365;keine Correct-Score-Quoten;
Di., 14. Juli;21:00;W97;W98;Bet365;keine Correct-Score-Quoten;
Mi., 15. Juli;21:00;W99;W100;Bet365;keine Correct-Score-Quoten;
Sa., 18. Juli;23:00;RU101;RU102;Bet365;keine Correct-Score-Quoten;
So., 19. Juli;21:00;W101;W102;Bet365;keine Correct-Score-Quoten;